County,Tax Base Category,Year,Value
4-County regional Totals,Personal Income (nominal),1975,13338578310.0
4-County regional Totals,Population,1975,1963090.0
4-County regional Totals,Employment,1975,719238.335
4-County regional Totals,Retail Sales (nominal),1975,7428915395.0
4-County regional Totals,Motor Fuel (gal.),1975,941502657.0
4-County regional Totals,Cars and Gas Trucks,1975,1218553.0
4-County regional Totals,Diesel,1975,6.1667429
4-County regional Totals,Total Registrations (000s),1975,1224719.743
King County,Population,1975,1155135.948
King County,Employment,1975,502172.9274
King County,Cars and Gas Trucks,1975,725670.0
Kitsap County,Population,1975,111172.5924
Kitsap County,Employment,1975,33908.28146
Kitsap County,Cars and Gas Trucks,1975,68992.0
Pierce County,Population,1975,418369.1604
Pierce County,Employment,1975,115990.6679
Pierce County,Cars and Gas Trucks,1975,252446.0
Snohomish County,Population,1975,269072.5976
Snohomish County,Employment,1975,67166.45825000001
Snohomish County,Cars and Gas Trucks,1975,171445.0
4-County regional Totals,Personal Income (nominal),1976,14979734990.0
4-County regional Totals,Population,1976,1983800.0
4-County regional Totals,Employment,1976,744671.6684000001
4-County regional Totals,Retail Sales (nominal),1976,7846450826.0
4-County regional Totals,Motor Fuel (gal.),1976,985069793.7
4-County regional Totals,Cars and Gas Trucks,1976,1240951.105
4-County regional Totals,Diesel,1976,6.3737371
4-County regional Totals,Total Registrations (000s),1976,1247324.842
King County,Population,1976,1156884.033
King County,Employment,1976,516019.59380000003
King County,Retail Sales (nominal),1976,5091643343.0
King County,Cars and Gas Trucks,1976,740115.6037
Kitsap County,Population,1976,119316.5255
Kitsap County,Employment,1976,36224.421720000006
Kitsap County,Retail Sales (nominal),1976,502243989.5
Kitsap County,Cars and Gas Trucks,1976,72032.40157
Pierce County,Population,1976,427147.80100000004
Pierce County,Employment,1976,121326.1357
Pierce County,Retail Sales (nominal),1976,1419636770.0
Pierce County,Cars and Gas Trucks,1976,253089.3221
Snohomish County,Population,1976,272955.54120000004
Snohomish County,Employment,1976,71101.5171
Snohomish County,Retail Sales (nominal),1976,832926723.5
Snohomish County,Cars and Gas Trucks,1976,175713.77730000002
4-County regional Totals,Personal Income (nominal),1977,16541594350.0
4-County regional Totals,Population,1977,2014900.0
4-County regional Totals,Employment,1977,794714.1733
4-County regional Totals,Retail Sales (nominal),1977,8860919818.0
4-County regional Totals,Motor Fuel (gal.),1977,1102465542.0
4-County regional Totals,Cars and Gas Trucks,1977,1386158.342
4-County regional Totals,Diesel,1977,6.78146153
4-County regional Totals,Total Registrations (000s),1977,1392939.804
King County,Population,1977,1162979.355
King County,Employment,1977,553426.5098
King County,Retail Sales (nominal),1977,5788244971.0
King County,Cars and Gas Trucks,1977,824120.001
Kitsap County,Population,1977,125346.6496
Kitsap County,Employment,1977,40108.60959
Kitsap County,Retail Sales (nominal),1977,509965328.7
Kitsap County,Cars and Gas Trucks,1977,81542.71694
Pierce County,Population,1977,434058.9738
Pierce County,Employment,1977,125628.11750000001
Pierce County,Retail Sales (nominal),1977,1567889689.0
Pierce County,Cars and Gas Trucks,1977,287711.9917
Snohomish County,Population,1977,279098.16599999997
Snohomish County,Employment,1977,75550.93647
Snohomish County,Retail Sales (nominal),1977,994819829.5
Snohomish County,Cars and Gas Trucks,1977,192783.6327
4-County regional Totals,Personal Income (nominal),1978,18938918350.0
4-County regional Totals,Population,1978,2075400.0
4-County regional Totals,Employment,1978,874904.9969
4-County regional Totals,Retail Sales (nominal),1978,10599169690.0
4-County regional Totals,Motor Fuel (gal.),1978,1166607518.0
4-County regional Totals,Cars and Gas Trucks,1978,1476415.4479999999
4-County regional Totals,Diesel,1978,8.9209141
4-County regional Totals,Total Registrations (000s),1978,1485336.362
King County,Population,1978,1182844.374
King County,Employment,1978,609930.06
King County,Retail Sales (nominal),1978,6997276772.0
King County,Cars and Gas Trucks,1978,885822.8206
Kitsap County,Population,1978,130740.81899999999
Kitsap County,Employment,1978,42410.29684
Kitsap County,Retail Sales (nominal),1978,513731987.4
Kitsap County,Cars and Gas Trucks,1978,86215.77531
Pierce County,Population,1978,446876.669
Pierce County,Employment,1978,135551.1588
Pierce County,Retail Sales (nominal),1978,1841304474.0
Pierce County,Cars and Gas Trucks,1978,293205.8214
Snohomish County,Population,1978,290380.0053
Snohomish County,Employment,1978,87013.48121
Snohomish County,Retail Sales (nominal),1978,1246856459.0
Snohomish County,Cars and Gas Trucks,1978,211171.0305
4-County regional Totals,Personal Income (nominal),1979,22156309490.0
4-County regional Totals,Population,1979,2153900.0
4-County regional Totals,Employment,1979,945075.0035999999
4-County regional Totals,Retail Sales (nominal),1979,12443171790.0
4-County regional Totals,Motor Fuel (gal.),1979,1175508793.0
4-County regional Totals,Cars and Gas Trucks,1979,1547187.851
4-County regional Totals,Diesel,1979,10.36244073
4-County regional Totals,Total Registrations (000s),1979,1557550.292
King County,Population,1979,1214604.204
King County,Employment,1979,658408.8014
King County,Retail Sales (nominal),1979,8294997939.999999
King County,Cars and Gas Trucks,1979,920463.0931
Kitsap County,Population,1979,134922.18
Kitsap County,Employment,1979,44909.60041000001
Kitsap County,Retail Sales (nominal),1979,529414597.6999999
Kitsap County,Cars and Gas Trucks,1979,91400.3228
Pierce County,Population,1979,464733.1631
Pierce County,Employment,1979,139876.329
Pierce County,Retail Sales (nominal),1979,2098592416.0
Pierce County,Cars and Gas Trucks,1979,299927.4567
Snohomish County,Population,1979,309718.3378
Snohomish County,Employment,1979,101880.2729
Snohomish County,Retail Sales (nominal),1979,1520166836.0
Snohomish County,Cars and Gas Trucks,1979,235396.9784
4-County regional Totals,Personal Income (nominal),1980,25445380940.0
4-County regional Totals,Population,1980,2240437.0
4-County regional Totals,Employment,1980,970406.6658000001
4-County regional Totals,Retail Sales (nominal),1980,13234833140.0
4-County regional Totals,Motor Fuel (gal.),1980,1130079476.0
4-County regional Totals,Cars and Gas Trucks,1980,1623821.101
4-County regional Totals,Diesel,1980,11.53863323
4-County regional Totals,Total Registrations (000s),1980,1635359.734
King County,Population,1980,1255237.1
King County,Employment,1980,679798.7625
King County,Retail Sales (nominal),1980,8948756469.0
King County,Cars and Gas Trucks,1980,974259.0602000001
Kitsap County,Population,1980,142831.3609
Kitsap County,Employment,1980,46195.589400000004
Kitsap County,Retail Sales (nominal),1980,533212108.5
Kitsap County,Cars and Gas Trucks,1980,97496.96131
Pierce County,Population,1980,478873.0792
Pierce County,Employment,1980,141659.38199999998
Pierce County,Retail Sales (nominal),1980,2113663363.0
Pierce County,Cars and Gas Trucks,1980,312969.436
Snohomish County,Population,1980,330476.6177
Snohomish County,Employment,1980,102752.932
Snohomish County,Retail Sales (nominal),1980,1639201197.0
Snohomish County,Cars and Gas Trucks,1980,239095.64370000002
4-County regional Totals,Personal Income (nominal),1981,28912179640.0
4-County regional Totals,Population,1981,2309404.0
4-County regional Totals,Employment,1981,971747.4941
4-County regional Totals,Retail Sales (nominal),1981,13693733160.0
4-County regional Totals,Motor Fuel (gal.),1981,1116648411.0
4-County regional Totals,Cars and Gas Trucks,1981,1691032.929
4-County regional Totals,Diesel,1981,12.75384203
4-County regional Totals,Total Registrations (000s),1981,1703786.771
King County,Population,1981,1291945.844
King County,Employment,1981,680348.6448
King County,Retail Sales (nominal),1981,9289101183.0
King County,Cars and Gas Trucks,1981,1015207.262
Kitsap County,Population,1981,152730.46790000002
Kitsap County,Employment,1981,46762.42062
Kitsap County,Retail Sales (nominal),1981,531699468.1999999
Kitsap County,Cars and Gas Trucks,1981,100292.4781
Pierce County,Population,1981,496882.7646
Pierce County,Employment,1981,140881.2771
Pierce County,Retail Sales (nominal),1981,2197354133.0
Pierce County,Cars and Gas Trucks,1981,321435.11819999997
Snohomish County,Population,1981,345608.3484
Snohomish County,Employment,1981,103755.15149999999
Snohomish County,Retail Sales (nominal),1981,1675578377.0
Snohomish County,Cars and Gas Trucks,1981,254098.0699
4-County regional Totals,Personal Income (nominal),1982,31703801130.0
4-County regional Totals,Population,1982,2339039.0
4-County regional Totals,Employment,1982,954097.5048999999
4-County regional Totals,Retail Sales (nominal),1982,14036534220.0
4-County regional Totals,Motor Fuel (gal.),1982,1081696183.0
4-County regional Totals,Cars and Gas Trucks,1982,1662767.699
4-County regional Totals,Diesel,1982,17.55310356
4-County regional Totals,Total Registrations (000s),1982,1680320.802
King County,Population,1982,1314165.3960000002
King County,Employment,1982,668513.9385
King County,Retail Sales (nominal),1982,9426788797.0
King County,Cars and Gas Trucks,1982,963248.0447000001
Kitsap County,Population,1982,156566.67609999998
Kitsap County,Employment,1982,47550.32754
Kitsap County,Retail Sales (nominal),1982,549915018.8
Kitsap County,Cars and Gas Trucks,1982,105422.5711
Pierce County,Population,1982,505272.0821
Pierce County,Employment,1982,140401.5128
Pierce County,Retail Sales (nominal),1982,2340932606.0
Pierce County,Cars and Gas Trucks,1982,331253.946
Snohomish County,Population,1982,354331.1741
Snohomish County,Employment,1982,97631.72609
Snohomish County,Retail Sales (nominal),1982,1718897795.0
Snohomish County,Cars and Gas Trucks,1982,262843.13680000004
4-County regional Totals,Personal Income (nominal),1983,33473975850.000004
4-County regional Totals,Population,1983,2354632.0
4-County regional Totals,Employment,1983,963737.4998999999
4-County regional Totals,Retail Sales (nominal),1983,15224379970.0
4-County regional Totals,Motor Fuel (gal.),1983,1122217865.0
4-County regional Totals,Cars and Gas Trucks,1983,1662582.533
4-County regional Totals,Diesel,1983,21.1023568
4-County regional Totals,Total Registrations (000s),1983,1683684.8890000002
King County,Population,1983,1318557.67
King County,Employment,1983,672151.6471
King County,Retail Sales (nominal),1983,10170818630.0
King County,Cars and Gas Trucks,1983,964912.7782000001
Kitsap County,Population,1983,158784.5224
Kitsap County,Employment,1983,49342.21082
Kitsap County,Retail Sales (nominal),1983,607640456.8000001
Kitsap County,Cars and Gas Trucks,1983,105714.231
Pierce County,Population,1983,508894.46729999996
Pierce County,Employment,1983,145198.9441
Pierce County,Retail Sales (nominal),1983,2528602942.0
Pierce County,Cars and Gas Trucks,1983,324046.0188
Snohomish County,Population,1983,360916.1226
Snohomish County,Employment,1983,97044.69782
Snohomish County,Retail Sales (nominal),1983,1917317943.0
Snohomish County,Cars and Gas Trucks,1983,267909.50450000004
4-County regional Totals,Personal Income (nominal),1984,35715380970.0
4-County regional Totals,Population,1984,2388441.0
4-County regional Totals,Employment,1984,1017465.8319999999
4-County regional Totals,Retail Sales (nominal),1984,17630808400.0
4-County regional Totals,Motor Fuel (gal.),1984,1154802528.0
4-County regional Totals,Cars and Gas Trucks,1984,1734756.29
4-County regional Totals,Diesel,1984,22.52041203
4-County regional Totals,Total Registrations (000s),1984,1757276.7019999998
King County,Population,1984,1326736.9209999999
King County,Employment,1984,710500.5684999999
King County,Retail Sales (nominal),1984,11801561690.0
King County,Cars and Gas Trucks,1984,1005477.044
Kitsap County,Population,1984,162539.1386
Kitsap County,Employment,1984,51263.965390000005
Kitsap County,Retail Sales (nominal),1984,718848154.1999999
Kitsap County,Cars and Gas Trucks,1984,110007.5272
Pierce County,Population,1984,517708.88920000003
Pierce County,Employment,1984,151521.7419
Pierce County,Retail Sales (nominal),1984,2941805627.0
Pierce County,Cars and Gas Trucks,1984,335698.4952
Snohomish County,Population,1984,367605.2789
Snohomish County,Employment,1984,104179.5567
Snohomish County,Retail Sales (nominal),1984,2168592934.0
Snohomish County,Cars and Gas Trucks,1984,283573.22349999996
4-County regional Totals,Personal Income (nominal),1985,38630144410.0
4-County regional Totals,Population,1985,2436108.0
4-County regional Totals,Employment,1985,1059688.328
4-County regional Totals,Retail Sales (nominal),1985,19021373910.0
4-County regional Totals,Motor Fuel (gal.),1985,1213725167.0
4-County regional Totals,Cars and Gas Trucks,1985,1790760.791
4-County regional Totals,Diesel,1985,24.97785375
4-County regional Totals,Total Registrations (000s),1985,1815738.645
King County,Population,1985,1349405.7089999998
King County,Employment,1985,739701.6496
King County,Retail Sales (nominal),1985,12842884610.0
King County,Cars and Gas Trucks,1985,1031842.641
Kitsap County,Population,1985,166916.7664
Kitsap County,Employment,1985,53141.60078
Kitsap County,Retail Sales (nominal),1985,768591926.3
Kitsap County,Cars and Gas Trucks,1985,112843.20270000001
Pierce County,Population,1985,526826.0695
Pierce County,Employment,1985,157016.87430000002
Pierce County,Retail Sales (nominal),1985,3130949551.0
Pierce County,Cars and Gas Trucks,1985,346001.6766
Snohomish County,Population,1985,376574.2478
Snohomish County,Employment,1985,109828.2035
Snohomish County,Retail Sales (nominal),1985,2278947820.0
Snohomish County,Cars and Gas Trucks,1985,300073.2701
4-County regional Totals,Personal Income (nominal),1986,41700667390.0
4-County regional Totals,Population,1986,2472852.0
4-County regional Totals,Employment,1986,1105774.999
4-County regional Totals,Retail Sales (nominal),1986,20507845950.0
4-County regional Totals,Motor Fuel (gal.),1986,1292925302.0
4-County regional Totals,Cars and Gas Trucks,1986,1891598.5310000002
4-County regional Totals,Diesel,1986,28.07566704
4-County regional Totals,Total Registrations (000s),1986,1919674.1979999999
King County,Population,1986,1369061.129
King County,Employment,1986,771620.0997
King County,Retail Sales (nominal),1986,13965362350.0
King County,Cars and Gas Trucks,1986,1089074.047
Kitsap County,Population,1986,168621.7111
Kitsap County,Employment,1986,53028.21162
Kitsap County,Retail Sales (nominal),1986,797821640.4
Kitsap County,Cars and Gas Trucks,1986,118161.6885
Pierce County,Population,1986,534073.4023
Pierce County,Employment,1986,163865.2885
Pierce County,Retail Sales (nominal),1986,3243008671.0
Pierce County,Cars and Gas Trucks,1986,363510.587
Snohomish County,Population,1986,387786.5471
Snohomish County,Employment,1986,117261.39910000001
Snohomish County,Retail Sales (nominal),1986,2501653286.0
Snohomish County,Cars and Gas Trucks,1986,320852.2081
4-County regional Totals,Personal Income (nominal),1987,44649314040.0
4-County regional Totals,Population,1987,2524600.0
4-County regional Totals,Employment,1987,1163703.33
4-County regional Totals,Retail Sales (nominal),1987,22348754800.0
4-County regional Totals,Motor Fuel (gal.),1987,1330405782.0
4-County regional Totals,Cars and Gas Trucks,1987,1991591.147
4-County regional Totals,Diesel,1987,31.18185516
4-County regional Totals,Total Registrations (000s),1987,2022773.003
King County,Population,1987,1391893.192
King County,Employment,1987,808781.1873000001
King County,Retail Sales (nominal),1987,15120415980.0
King County,Cars and Gas Trucks,1987,1146079.729
Kitsap County,Population,1987,169326.8437
Kitsap County,Employment,1987,55577.66417
Kitsap County,Retail Sales (nominal),1987,871521512.0
Kitsap County,Cars and Gas Trucks,1987,124704.18909999999
Pierce County,Population,1987,542598.5227999999
Pierce County,Employment,1987,170943.57400000002
Pierce County,Retail Sales (nominal),1987,3495315767.0
Pierce County,Cars and Gas Trucks,1987,377119.47579999996
Snohomish County,Population,1987,400684.577
Snohomish County,Employment,1987,128400.90430000001
Snohomish County,Retail Sales (nominal),1987,2861501537.0
Snohomish County,Cars and Gas Trucks,1987,343687.7532
4-County regional Totals,Personal Income (nominal),1988,48492813580.0
4-County regional Totals,Population,1988,2588616.0
4-County regional Totals,Employment,1988,1229383.314
4-County regional Totals,Retail Sales (nominal),1988,24179122370.0
4-County regional Totals,Motor Fuel (gal.),1988,1393325956.0
4-County regional Totals,Cars and Gas Trucks,1988,2040183.317
4-County regional Totals,Diesel,1988,32.21961799
4-County regional Totals,Total Registrations (000s),1988,2072402.935
King County,Population,1988,1418830.737
King County,Employment,1988,849268.698
King County,Retail Sales (nominal),1988,16260573730.0
King County,Cars and Gas Trucks,1988,1167594.311
Kitsap County,Population,1988,176588.245
Kitsap County,Employment,1988,59001.26135
Kitsap County,Retail Sales (nominal),1988,934692311.4
Kitsap County,Cars and Gas Trucks,1988,127938.496
Pierce County,Population,1988,553850.6698
Pierce County,Employment,1988,178952.57259999998
Pierce County,Retail Sales (nominal),1988,3816815762.0
Pierce County,Cars and Gas Trucks,1988,388794.5725
Snohomish County,Population,1988,414945.942
Snohomish County,Employment,1988,142160.7822
Snohomish County,Retail Sales (nominal),1988,3167040565.0
Snohomish County,Cars and Gas Trucks,1988,355855.9377
4-County regional Totals,Personal Income (nominal),1989,53650250780.0
4-County regional Totals,Population,1989,2664483.0
4-County regional Totals,Employment,1989,1303741.6439999999
4-County regional Totals,Retail Sales (nominal),1989,27101605740.0
4-County regional Totals,Motor Fuel (gal.),1989,1445454505.0
4-County regional Totals,Cars and Gas Trucks,1989,2125713.961
4-County regional Totals,Diesel,1989,37.79687929
4-County regional Totals,Total Registrations (000s),1989,2163510.84
King County,Population,1989,1450374.447
King County,Employment,1989,898500.6140000001
King County,Retail Sales (nominal),1989,18176951610.0
King County,Cars and Gas Trucks,1989,1214103.9510000001
Kitsap County,Population,1989,182050.9541
Kitsap County,Employment,1989,61015.92904
Kitsap County,Retail Sales (nominal),1989,1049021741.9999999
Kitsap County,Cars and Gas Trucks,1989,135240.6956
Pierce County,Population,1989,568013.1788
Pierce County,Employment,1989,186502.7832
Pierce County,Retail Sales (nominal),1989,4154396184.0
Pierce County,Cars and Gas Trucks,1989,403569.74350000004
Snohomish County,Population,1989,434863.5385
Snohomish County,Employment,1989,157722.31769999999
Snohomish County,Retail Sales (nominal),1989,3721236201.0
Snohomish County,Cars and Gas Trucks,1989,372799.57050000003
4-County regional Totals,Personal Income (nominal),1990,59680606820.0
4-County regional Totals,Population,1990,2748867.0
4-County regional Totals,Employment,1990,1366815.0
4-County regional Totals,Retail Sales (nominal),1990,30211792180.0
4-County regional Totals,Motor Fuel (gal.),1990,1471259920.0
4-County regional Totals,Cars and Gas Trucks,1990,2217184.714
4-County regional Totals,Diesel,1990,49.36110037
4-County regional Totals,Total Registrations (000s),1990,2266545.815
King County,Population,1990,1490370.881
King County,Employment,1990,936414.553
King County,Retail Sales (nominal),1990,20182769830.0
King County,Cars and Gas Trucks,1990,1261261.704
Kitsap County,Population,1990,186797.85820000002
Kitsap County,Employment,1990,65180.72678999999
Kitsap County,Retail Sales (nominal),1990,1238408220.0
Kitsap County,Cars and Gas Trucks,1990,142683.9764
Pierce County,Population,1990,582598.5666
Pierce County,Employment,1990,195542.1804
Pierce County,Retail Sales (nominal),1990,4506612003.0
Pierce County,Cars and Gas Trucks,1990,423699.0027
Snohomish County,Population,1990,456659.4561
Snohomish County,Employment,1990,169677.5399
Snohomish County,Retail Sales (nominal),1990,4284002129.0000005
Snohomish County,Cars and Gas Trucks,1990,389540.031
4-County regional Totals,Personal Income (nominal),1991,64557952450.0
4-County regional Totals,Population,1991,2833057.0
4-County regional Totals,Employment,1991,1375930.0
4-County regional Totals,Retail Sales (nominal),1991,32029900520.0
4-County regional Totals,Motor Fuel (gal.),1991,1500976882.0
4-County regional Totals,Cars and Gas Trucks,1991,2301610.229
4-County regional Totals,Diesel,1991,55.08016973
4-County regional Totals,Total Registrations (000s),1991,2356690.398
King County,Population,1991,1534987.4319999998
King County,Employment,1991,942661.863
King County,Retail Sales (nominal),1991,21259481560.0
King County,Cars and Gas Trucks,1991,1296983.888
Kitsap County,Population,1991,194099.1625
Kitsap County,Employment,1991,66974.80742000001
Kitsap County,Retail Sales (nominal),1991,1396057879.0
Kitsap County,Cars and Gas Trucks,1991,151955.4902
Pierce County,Population,1991,593774.1025
Pierce County,Employment,1991,196450.5318
Pierce County,Retail Sales (nominal),1991,4908543304.0
Pierce County,Cars and Gas Trucks,1991,446713.9437
Snohomish County,Population,1991,479226.5716
Snohomish County,Employment,1991,169842.7978
Snohomish County,Retail Sales (nominal),1991,4465817783.0
Snohomish County,Cars and Gas Trucks,1991,405956.90660000005
4-County regional Totals,Personal Income (nominal),1992,69175892740.0
4-County regional Totals,Population,1992,2880190.0
4-County regional Totals,Employment,1992,1394960.0
4-County regional Totals,Retail Sales (nominal),1992,33334430719.999996
4-County regional Totals,Motor Fuel (gal.),1992,1522860771.0
4-County regional Totals,Cars and Gas Trucks,1992,2306795.199
4-County regional Totals,Diesel,1992,56.79998961
4-County regional Totals,Total Registrations (000s),1992,2363595.1890000002
King County,Population,1992,1564984.813
King County,Employment,1992,950660.0006
King County,Retail Sales (nominal),1992,21648491440.0
King County,Cars and Gas Trucks,1992,1284344.226
Kitsap County,Population,1992,199923.7707
Kitsap County,Employment,1992,67787.42723
Kitsap County,Retail Sales (nominal),1992,1473947766.0
Kitsap County,Cars and Gas Trucks,1992,157744.8487
Pierce County,Population,1992,605294.3944999999
Pierce County,Employment,1992,200997.2167
Pierce County,Retail Sales (nominal),1992,5279064780.0
Pierce County,Cars and Gas Trucks,1992,455562.20519999997
Snohomish County,Population,1992,494128.72520000004
Snohomish County,Employment,1992,175515.3555
Snohomish County,Retail Sales (nominal),1992,4932926738.0
Snohomish County,Cars and Gas Trucks,1992,409143.9192
4-County regional Totals,Personal Income (nominal),1993,73242978580.0
4-County regional Totals,Population,1993,2929612.0
4-County regional Totals,Employment,1993,1407321.667
4-County regional Totals,Retail Sales (nominal),1993,34752640220.0
4-County regional Totals,Motor Fuel (gal.),1993,1537903757.0
4-County regional Totals,Cars and Gas Trucks,1993,2267708.989
4-County regional Totals,Diesel,1993,44.23679261
4-County regional Totals,Total Registrations (000s),1993,2311945.7819999997
King County,Population,1993,1584817.356
King County,Employment,1993,947320.874
King County,Retail Sales (nominal),1993,22232408190.0
King County,Cars and Gas Trucks,1993,1257486.5150000001
Kitsap County,Population,1993,205671.5717
Kitsap County,Employment,1993,67903.72918
Kitsap County,Retail Sales (nominal),1993,1680304719.0
Kitsap County,Cars and Gas Trucks,1993,157114.1815
Pierce County,Population,1993,618874.7068
Pierce County,Employment,1993,207376.2563
Pierce County,Retail Sales (nominal),1993,5550875204.0
Pierce County,Cars and Gas Trucks,1993,448244.0185
Snohomish County,Population,1993,502619.69800000003
Snohomish County,Employment,1993,184720.8072
Snohomish County,Retail Sales (nominal),1993,5289052107.0
Snohomish County,Cars and Gas Trucks,1993,404864.2746
4-County regional Totals,Personal Income (nominal),1994,76167992460.0
4-County regional Totals,Population,1994,2978720.0
4-County regional Totals,Employment,1994,1428283.333
4-County regional Totals,Retail Sales (nominal),1994,35603596670.0
4-County regional Totals,Motor Fuel (gal.),1994,1562594945.0
4-County regional Totals,Cars and Gas Trucks,1994,2294030.985
4-County regional Totals,Diesel,1994,38.98249436
4-County regional Totals,Total Registrations (000s),1994,2333013.4790000003
King County,Population,1994,1603690.212
King County,Employment,1994,959230.813
King County,Retail Sales (nominal),1994,23156073300.0
King County,Cars and Gas Trucks,1994,1282609.142
Kitsap County,Population,1994,210602.0209
Kitsap County,Employment,1994,69204.4293
Kitsap County,Retail Sales (nominal),1994,1340958134.0
Kitsap County,Cars and Gas Trucks,1994,160239.9998
Pierce County,Population,1994,631363.3303
Pierce County,Employment,1994,214099.1136
Pierce County,Retail Sales (nominal),1994,5812709693.0
Pierce County,Cars and Gas Trucks,1994,446673.8774
Snohomish County,Population,1994,514744.47929999995
Snohomish County,Employment,1994,185748.9774
Snohomish County,Retail Sales (nominal),1994,5293855539.0
Snohomish County,Cars and Gas Trucks,1994,404507.9651
4-County regional Totals,Personal Income (nominal),1995,80391147350.0
4-County regional Totals,Population,1995,3024537.0
4-County regional Totals,Employment,1995,1455621.667
4-County regional Totals,Retail Sales (nominal),1995,36744372600.0
4-County regional Totals,Motor Fuel (gal.),1995,1571132869.0
4-County regional Totals,Cars and Gas Trucks,1995,2317119.5560000003
4-County regional Totals,Diesel,1995,40.9564511
4-County regional Totals,Total Registrations (000s),1995,2358076.007
King County,Population,1995,1620382.785
King County,Employment,1995,977872.9591
King County,Retail Sales (nominal),1995,24472238320.0
King County,Cars and Gas Trucks,1995,1297137.976
Kitsap County,Population,1995,215768.813
Kitsap County,Employment,1995,69518.85033
Kitsap County,Retail Sales (nominal),1995,921362030.8
Kitsap County,Cars and Gas Trucks,1995,162143.74459999998
Pierce County,Population,1995,644986.542
Pierce County,Employment,1995,219105.8452
Pierce County,Retail Sales (nominal),1995,5996088775.0
Pierce County,Cars and Gas Trucks,1995,446148.4007
Snohomish County,Population,1995,526829.6256
Snohomish County,Employment,1995,189124.0121
Snohomish County,Retail Sales (nominal),1995,5354683475.0
Snohomish County,Cars and Gas Trucks,1995,411689.43539999996
4-County regional Totals,Personal Income (nominal),1996,85964866770.0
4-County regional Totals,Population,1996,3058048.0
4-County regional Totals,Employment,1996,1505945.0
4-County regional Totals,Retail Sales (nominal),1996,38078125220.0
4-County regional Totals,Motor Fuel (gal.),1996,1504073225.0
4-County regional Totals,Cars and Gas Trucks,1996,2347003.525
4-County regional Totals,Diesel,1996,40.86768957
4-County regional Totals,Total Registrations (000s),1996,2387871.2139999997
King County,Population,1996,1635307.798
King County,Employment,1996,1018227.003
King County,Retail Sales (nominal),1996,25616493420.0
King County,Cars and Gas Trucks,1996,1313603.0189999999
Kitsap County,Population,1996,220643.44199999998
Kitsap County,Employment,1996,70973.50104
Kitsap County,Retail Sales (nominal),1996,1043697848.9999999
Kitsap County,Cars and Gas Trucks,1996,164048.0648
Pierce County,Population,1996,652440.6209
Pierce County,Employment,1996,223462.4517
Pierce County,Retail Sales (nominal),1996,6035922506.0
Pierce County,Cars and Gas Trucks,1996,451070.4097
Snohomish County,Population,1996,538159.9139
Snohomish County,Employment,1996,193282.04439999998
Snohomish County,Retail Sales (nominal),1996,5382011449.0
Snohomish County,Cars and Gas Trucks,1996,418282.0312
4-County regional Totals,Personal Income (nominal),1997,93095675710.0
4-County regional Totals,Population,1997,3103012.0
4-County regional Totals,Employment,1997,1584361.667
4-County regional Totals,Retail Sales (nominal),1997,41054787250.0
4-County regional Totals,Motor Fuel (gal.),1997,1651210374.0
4-County regional Totals,Cars and Gas Trucks,1997,2397485.064
4-County regional Totals,Diesel,1997,42.89682936
4-County regional Totals,Total Registrations (000s),1997,2440381.893
King County,Population,1997,1651892.7750000001
King County,Employment,1997,1071461.74
King County,Retail Sales (nominal),1997,27738487930.0
King County,Cars and Gas Trucks,1997,1340116.5599999998
Kitsap County,Population,1997,224061.9716
Kitsap County,Employment,1997,72330.69134
Kitsap County,Retail Sales (nominal),1997,998999772.4
Kitsap County,Cars and Gas Trucks,1997,165427.0525
Pierce County,Population,1997,659174.0346
Pierce County,Employment,1997,233136.1239
Pierce County,Retail Sales (nominal),1997,6342179060.0
Pierce County,Cars and Gas Trucks,1997,455855.1174
Snohomish County,Population,1997,549347.2821000001
Snohomish County,Employment,1997,207433.1117
Snohomish County,Retail Sales (nominal),1997,5975120489.0
Snohomish County,Cars and Gas Trucks,1997,436086.3341
4-County regional Totals,Personal Income (nominal),1998,103101918800.0
4-County regional Totals,Population,1998,3159992.0
4-County regional Totals,Employment,1998,1649682.5
4-County regional Totals,Retail Sales (nominal),1998,45374586660.0
4-County regional Totals,Motor Fuel (gal.),1998,1723039520.0
4-County regional Totals,Cars and Gas Trucks,1998,2485868.141
4-County regional Totals,Diesel,1998,46.29473308
4-County regional Totals,Total Registrations (000s),1998,2532162.8740000003
King County,Population,1998,1676514.5829999999
King County,Employment,1998,1118461.634
King County,Retail Sales (nominal),1998,30393081830.0
King County,Cars and Gas Trucks,1998,1385673.9130000002
Kitsap County,Population,1998,226890.7738
Kitsap County,Employment,1998,71966.93403
Kitsap County,Retail Sales (nominal),1998,1448222846.0
Kitsap County,Cars and Gas Trucks,1998,169313.6302
Pierce County,Population,1998,671577.0561
Pierce County,Employment,1998,239110.55579999997
Pierce County,Retail Sales (nominal),1998,6834679671.0
Pierce County,Cars and Gas Trucks,1998,474268.6155
Snohomish County,Population,1998,563673.6875
Snohomish County,Employment,1998,220143.37660000002
Snohomish County,Retail Sales (nominal),1998,6698602316.0
Snohomish County,Cars and Gas Trucks,1998,456611.982
4-County regional Totals,Personal Income (nominal),1999,113617064200.0
4-County regional Totals,Population,1999,3219841.0
4-County regional Totals,Employment,1999,1688132.5
4-County regional Totals,Retail Sales (nominal),1999,49574313400.0
4-County regional Totals,Motor Fuel (gal.),1999,1794146975.0
4-County regional Totals,Cars and Gas Trucks,1999,2372438.841
4-County regional Totals,Diesel,1999,42.05701181
4-County regional Totals,Total Registrations (000s),1999,2414495.853
King County,Population,1999,1703611.9409999999
King County,Employment,1999,1152437.819
King County,Retail Sales (nominal),1999,32859627070.000004
King County,Cars and Gas Trucks,1999,1324142.026
Kitsap County,Population,1999,228860.6348
Kitsap County,Employment,1999,73475.00272
Kitsap County,Retail Sales (nominal),1999,2160839648.0
Kitsap County,Cars and Gas Trucks,1999,162931.0133
Pierce County,Population,1999,683819.2518
Pierce County,Employment,1999,243868.78459999998
Pierce County,Retail Sales (nominal),1999,7430508835.0
Pierce County,Cars and Gas Trucks,1999,451281.443
Snohomish County,Population,1999,581487.9561000001
Snohomish County,Employment,1999,218350.8939
Snohomish County,Retail Sales (nominal),1999,7123337840.0
Snohomish County,Cars and Gas Trucks,1999,434084.35850000003
4-County regional Totals,Personal Income (nominal),2000,122752169900.0
4-County regional Totals,Population,2000,3275857.0
4-County regional Totals,Employment,2000,1739850.0
4-County regional Totals,Retail Sales (nominal),2000,54405490050.0
4-County regional Totals,Motor Fuel (gal.),2000,1792946071.0
4-County regional Totals,Cars and Gas Trucks,2000,2585787.152
4-County regional Totals,Diesel,2000,49.35327104
4-County regional Totals,Total Registrations (000s),2000,2635140.423
King County,Population,2000,1728965.42
King County,Employment,2000,1197042.94
King County,Retail Sales (nominal),2000,36343664030.0
King County,Cars and Gas Trucks,2000,1432890.7249999999
Kitsap County,Population,2000,231336.2195
Kitsap County,Employment,2000,74952.71932999999
Kitsap County,Retail Sales (nominal),2000,2367991163.0
Kitsap County,Cars and Gas Trucks,2000,180550.1802
Pierce County,Population,2000,696849.9277
Pierce County,Employment,2000,249631.23200000002
Pierce County,Retail Sales (nominal),2000,8044487544.0
Pierce County,Cars and Gas Trucks,2000,499304.28540000005
Snohomish County,Population,2000,599462.4966
Snohomish County,Employment,2000,218223.1085
Snohomish County,Retail Sales (nominal),2000,7649347311.0
Snohomish County,Cars and Gas Trucks,2000,473041.9616
4-County regional Totals,Personal Income (nominal),2001,127474889500.0
4-County regional Totals,Population,2001,3316557.0
4-County regional Totals,Employment,2001,1724900.0
4-County regional Totals,Retail Sales (nominal),2001,55650096290.0
4-County regional Totals,Motor Fuel (gal.),2001,1781478945.0
4-County regional Totals,Cars and Gas Trucks,2001,2744277.912
4-County regional Totals,Diesel,2001,60.49448153
4-County regional Totals,Total Registrations (000s),2001,2804772.393
King County,Population,2001,1748883.805
King County,Employment,2001,1185489.858
King County,Retail Sales (nominal),2001,36892609800.0
King County,Cars and Gas Trucks,2001,1508988.903
Kitsap County,Population,2001,233268.7589
Kitsap County,Employment,2001,75264.99069
Kitsap County,Retail Sales (nominal),2001,2438858638.0
Kitsap County,Cars and Gas Trucks,2001,192956.2213
Pierce County,Population,2001,706064.853
Pierce County,Employment,2001,247095.75950000001
Pierce County,Retail Sales (nominal),2001,8434146933.0
Pierce County,Cars and Gas Trucks,2001,536433.9957
Snohomish County,Population,2001,613254.8668
Snohomish County,Employment,2001,217049.3922
Snohomish County,Retail Sales (nominal),2001,7884480921.0
Snohomish County,Cars and Gas Trucks,2001,505898.7915
4-County regional Totals,Personal Income (nominal),2002,129084389100.0
4-County regional Totals,Population,2002,3364581.0
4-County regional Totals,Employment,2002,1681766.6670000001
4-County regional Totals,Retail Sales (nominal),2002,54120117860.0
4-County regional Totals,Motor Fuel (gal.),2002,1732430544.0
4-County regional Totals,Cars and Gas Trucks,2002,2673698.358
4-County regional Totals,Diesel,2002,61.59134817
4-County regional Totals,Total Registrations (000s),2002,2735289.7060000002
King County,Population,2002,1770222.774
King County,Employment,2002,1141831.403
King County,Retail Sales (nominal),2002,35074100610.0
King County,Cars and Gas Trucks,2002,1453996.605
Kitsap County,Population,2002,235625.0546
Kitsap County,Employment,2002,78707.95850000001
Kitsap County,Retail Sales (nominal),2002,2542757190.0
Kitsap County,Cars and Gas Trucks,2002,190464.6291
Pierce County,Population,2002,716256.4339000001
Pierce County,Employment,2002,247543.8543
Pierce County,Retail Sales (nominal),2002,8664682198.0
Pierce County,Cars and Gas Trucks,2002,527651.3916
Snohomish County,Population,2002,624639.2616000001
Snohomish County,Employment,2002,213683.4508
Snohomish County,Retail Sales (nominal),2002,7838577867.0
Snohomish County,Cars and Gas Trucks,2002,501585.7331
4-County regional Totals,Personal Income (nominal),2003,131451902600.0
4-County regional Totals,Population,2003,3399436.0
4-County regional Totals,Employment,2003,1674900.0
4-County regional Totals,Retail Sales (nominal),2003,54525605370.0
4-County regional Totals,Motor Fuel (gal.),2003,1747309853.0
4-County regional Totals,Cars and Gas Trucks,2003,2717501.968
4-County regional Totals,Diesel,2003,63.78231965
4-County regional Totals,Total Registrations (000s),2003,2781284.287
King County,Population,2003,1785167.75
King County,Employment,2003,1125560.014
King County,Retail Sales (nominal),2003,34728815240.0
King County,Cars and Gas Trucks,2003,1450918.48
Kitsap County,Population,2003,238311.7585
Kitsap County,Employment,2003,80406.67237
Kitsap County,Retail Sales (nominal),2003,2682811597.0
Kitsap County,Cars and Gas Trucks,2003,197174.496
Pierce County,Population,2003,727291.9375
Pierce County,Employment,2003,253225.9906
Pierce County,Retail Sales (nominal),2003,9160906693.0
Pierce County,Cars and Gas Trucks,2003,547080.9543
Snohomish County,Population,2003,635463.7482
Snohomish County,Employment,2003,215707.3235
Snohomish County,Retail Sales (nominal),2003,7953071844.0
Snohomish County,Cars and Gas Trucks,2003,522328.03779999993
4-County regional Totals,Personal Income (nominal),2004,139904916100.0
4-County regional Totals,Population,2004,3434039.0
4-County regional Totals,Employment,2004,1693783.333
4-County regional Totals,Retail Sales (nominal),2004,56642772800.0
4-County regional Totals,Motor Fuel (gal.),2004,1757533602.0
4-County regional Totals,Cars and Gas Trucks,2004,2797150.614
4-County regional Totals,Diesel,2004,69.21360882
4-County regional Totals,Total Registrations (000s),2004,2866364.223
King County,Population,2004,1796326.9949999999
King County,Employment,2004,1131112.266
King County,Retail Sales (nominal),2004,35702006540.0
King County,Cars and Gas Trucks,2004,1484790.2
Kitsap County,Population,2004,240797.6856
Kitsap County,Employment,2004,83750.26978
Kitsap County,Retail Sales (nominal),2004,2872999442.0
Kitsap County,Cars and Gas Trucks,2004,204256.2869
Pierce County,Population,2004,738566.146
Pierce County,Employment,2004,259989.3879
Pierce County,Retail Sales (nominal),2004,9774652233.0
Pierce County,Cars and Gas Trucks,2004,569919.7411
Snohomish County,Population,2004,644994.711
Snohomish County,Employment,2004,218931.41009999998
Snohomish County,Retail Sales (nominal),2004,8293114589.000001
Snohomish County,Cars and Gas Trucks,2004,538184.3859000001
4-County regional Totals,Personal Income (nominal),2005,148339268800.0
4-County regional Totals,Population,2005,3473083.0
4-County regional Totals,Employment,2005,1737966.667
4-County regional Totals,Retail Sales (nominal),2005,61191548340.0
4-County regional Totals,Motor Fuel (gal.),2005,1763850485.0
4-County regional Totals,Cars and Gas Trucks,2005,2828750.778
4-County regional Totals,Diesel,2005,73.96520418
4-County regional Totals,Total Registrations (000s),2005,2902715.9820000003
King County,Population,2005,1809174.5599999998
King County,Employment,2005,1153844.693
King County,Retail Sales (nominal),2005,38333342690.0
King County,Cars and Gas Trucks,2005,1486956.26
Kitsap County,Population,2005,240374.3291
Kitsap County,Employment,2005,85693.94090999999
Kitsap County,Retail Sales (nominal),2005,3075547264.0
Kitsap County,Cars and Gas Trucks,2005,204646.2294
Pierce County,Population,2005,750934.6726
Pierce County,Employment,2005,268106.77420000004
Pierce County,Retail Sales (nominal),2005,10666099830.0
Pierce County,Cars and Gas Trucks,2005,587293.1161
Snohomish County,Population,2005,655484.0785000001
Snohomish County,Employment,2005,230321.25869999998
Snohomish County,Retail Sales (nominal),2005,9116558561.0
Snohomish County,Cars and Gas Trucks,2005,549855.1728
4-County regional Totals,Personal Income (nominal),2006,158167981400.0
4-County regional Totals,Population,2006,3539434.0
4-County regional Totals,Employment,2006,1794300.0
4-County regional Totals,Retail Sales (nominal),2006,66982519090.0
4-County regional Totals,Motor Fuel (gal.),2006,1779821989.0
4-County regional Totals,Cars and Gas Trucks,2006,2863113.554
4-County regional Totals,Diesel,2006,80.15934875
4-County regional Totals,Total Registrations (000s),2006,2943272.903
King County,Population,2006,1833773.104
King County,Employment,2006,1186847.563
King County,Retail Sales (nominal),2006,41566804820.0
King County,Cars and Gas Trucks,2006,1503482.569
Kitsap County,Population,2006,242147.3872
Kitsap County,Employment,2006,88208.71279
Kitsap County,Retail Sales (nominal),2006,3335843152.0
Kitsap County,Cars and Gas Trucks,2006,203629.6197
Pierce County,Population,2006,767403.4973
Pierce County,Employment,2006,276970.0203
Pierce County,Retail Sales (nominal),2006,11761784400.0
Pierce County,Cars and Gas Trucks,2006,595914.3734
Snohomish County,Population,2006,670447.4870000001
Snohomish County,Employment,2006,242273.7036
Snohomish County,Retail Sales (nominal),2006,10318086730.0
Snohomish County,Cars and Gas Trucks,2006,560086.9921
4-County regional Totals,Personal Income (nominal),2007,173956542700.0
4-County regional Totals,Population,2007,3594799.0
4-County regional Totals,Employment,2007,1845533.333
4-County regional Totals,Retail Sales (nominal),2007,73113415990.0
4-County regional Totals,Motor Fuel (gal.),2007,1788781195.0
4-County regional Totals,Cars and Gas Trucks,2007,2925945.225
4-County regional Totals,Diesel,2007,86.50612513
4-County regional Totals,Total Registrations (000s),2007,3012451.3499999996
King County,Population,2007,1862865.9009999998
King County,Employment,2007,1209326.593
King County,Retail Sales (nominal),2007,45629317670.0
King County,Cars and Gas Trucks,2007,1533795.8
Kitsap County,Population,2007,246499.1669
Kitsap County,Employment,2007,87474.25658
Kitsap County,Retail Sales (nominal),2007,3562453544.0
Kitsap County,Cars and Gas Trucks,2007,203850.075
Pierce County,Population,2007,782793.9811999999
Pierce County,Employment,2007,286109.54400000005
Pierce County,Retail Sales (nominal),2007,12453613290.0
Pierce County,Cars and Gas Trucks,2007,614049.8669
Snohomish County,Population,2007,684375.7458
Snohomish County,Employment,2007,262622.93970000005
Snohomish County,Retail Sales (nominal),2007,11468031480.0
Snohomish County,Cars and Gas Trucks,2007,574249.4822999999
4-County regional Totals,Personal Income (nominal),2008,186433430900.0
4-County regional Totals,Population,2008,3634690.0
4-County regional Totals,Employment,2008,1862508.333
4-County regional Totals,Retail Sales (nominal),2008,74232351190.0
4-County regional Totals,Motor Fuel (gal.),2008,1759679945.0
4-County regional Totals,Cars and Gas Trucks,2008,2946483.1100000003
4-County regional Totals,Diesel,2008,89.21048122
4-County regional Totals,Total Registrations (000s),2008,3035693.592
King County,Population,2008,1883775.189
King County,Employment,2008,1226783.828
King County,Retail Sales (nominal),2008,47056348360.0
King County,Cars and Gas Trucks,2008,1546216.314
Kitsap County,Population,2008,249031.1839
Kitsap County,Employment,2008,87075.55561
Kitsap County,Retail Sales (nominal),2008,3471876988.0
Kitsap County,Cars and Gas Trucks,2008,203860.14059999998
Pierce County,Population,2008,792059.2604
Pierce County,Employment,2008,284935.3577
Pierce County,Retail Sales (nominal),2008,12280076910.0
Pierce County,Cars and Gas Trucks,2008,619882.8583
Snohomish County,Population,2008,695618.2424
Snohomish County,Employment,2008,263713.5925
Snohomish County,Retail Sales (nominal),2008,11424048920.0
Snohomish County,Cars and Gas Trucks,2008,576523.7969999999
4-County regional Totals,Personal Income (nominal),2009,181324754300.0
4-County regional Totals,Population,2009,3663248.0
4-County regional Totals,Employment,2009,1772641.6670000001
4-County regional Totals,Retail Sales (nominal),2009,66144984830.0
4-County regional Totals,Motor Fuel (gal.),2009,1700738023.0
4-County regional Totals,Cars and Gas Trucks,2009,2912343.693
4-County regional Totals,Diesel,2009,88.72087691
4-County regional Totals,Total Registrations (000s),2009,3001064.57
King County,Population,2009,1901257.942
King County,Employment,2009,1163330.34
King County,Retail Sales (nominal),2009,41935584470.0
King County,Cars and Gas Trucks,2009,1514150.605
Kitsap County,Population,2009,251047.8008
Kitsap County,Employment,2009,84615.5036
Kitsap County,Retail Sales (nominal),2009,3171995403.0
Kitsap County,Cars and Gas Trucks,2009,202999.7444
Pierce County,Population,2009,797092.3708
Pierce County,Employment,2009,274004.1288
Pierce County,Retail Sales (nominal),2009,10960722720.0
Pierce County,Cars and Gas Trucks,2009,614367.9809
Snohomish County,Population,2009,703246.1886999999
Snohomish County,Employment,2009,250691.6941
Snohomish County,Retail Sales (nominal),2009,10076682250.0
Snohomish County,Cars and Gas Trucks,2009,580825.3634
4-County regional Totals,Personal Income (nominal),2010,173452467500.0
4-County regional Totals,Population,2010,3690942.0
4-County regional Totals,Employment,2010,1753633.0
4-County regional Totals,Retail Sales (nominal),2010,61409880840.0
4-County regional Totals,Motor Fuel (gal.),2010,1699738674.0
4-County regional Totals,Cars and Gas Trucks,2010,2998711.798
4-County regional Totals,Diesel,2010,88.04449929
4-County regional Totals,Total Registrations (000s),2010,3086756.297
King County,Population,2010,1922328.381
King County,Employment,2010,1149766.448
King County,Retail Sales (nominal),2010,38333544490.0
King County,Cars and Gas Trucks,2010,1558331.8139999998
Kitsap County,Population,2010,251226.01750000002
Kitsap County,Employment,2010,84399.98396
Kitsap County,Retail Sales (nominal),2010,3036353322.0
Kitsap County,Cars and Gas Trucks,2010,207775.3275
Pierce County,Population,2010,796266.8479
Pierce County,Employment,2010,272199.9483
Pierce County,Retail Sales (nominal),2010,10443076060.0
Pierce County,Cars and Gas Trucks,2010,636605.9977
Snohomish County,Population,2010,710404.6747999999
Snohomish County,Employment,2010,247266.6197
Snohomish County,Retail Sales (nominal),2010,9596906970.0
Snohomish County,Cars and Gas Trucks,2010,595998.6581
4-County regional Totals,Personal Income (nominal),2011,181255974900.0
4-County regional Totals,Population,2011,3715650.0
4-County regional Totals,Employment,2011,1777900.0
4-County regional Totals,Retail Sales (nominal),2011,62860537000.0
4-County regional Totals,Motor Fuel (gal.),2011,1752023137.0
4-County regional Totals,Cars and Gas Trucks,2011,3053686.2350000003
4-County regional Totals,Diesel,2011,88.67719079
4-County regional Totals,Total Registrations (000s),2011,3142363.426
King County,Population,2011,1939870.7589999998
King County,Employment,2011,1167133.333
King County,Retail Sales (nominal),2011,39501706560.0
King County,Cars and Gas Trucks,2011,1585177.909
Kitsap County,Population,2011,252669.8088
Kitsap County,Employment,2011,84466.66666999999
Kitsap County,Retail Sales (nominal),2011,3032926448.0
Kitsap County,Cars and Gas Trucks,2011,209695.06029999998
Pierce County,Population,2011,798872.0505
Pierce County,Employment,2011,271933.3333
Pierce County,Retail Sales (nominal),2011,10590852970.0
Pierce County,Cars and Gas Trucks,2011,648652.7886999999
Snohomish County,Population,2011,716125.9090999999
Snohomish County,Employment,2011,254366.6667
Snohomish County,Retail Sales (nominal),2011,9735051018.0
Snohomish County,Cars and Gas Trucks,2011,610160.4765
4-County regional Totals,Personal Income (nominal),2012,198717948500.0
4-County regional Totals,Population,2012,3742600.0
4-County regional Totals,Employment,2012,1816467.0
4-County regional Totals,Retail Sales (nominal),2012,65326000740.0
4-County regional Totals,Motor Fuel (gal.),2012,1867534385.0
4-County regional Totals,Cars and Gas Trucks,2012,3054455.436
4-County regional Totals,Diesel,2012,88.85090786
4-County regional Totals,Total Registrations (000s),2012,3143306.344
King County,Population,2012,1950287.318
King County,Employment,2012,1193766.8860000002
King County,Retail Sales (nominal),2012,41614426640.0
King County,Cars and Gas Trucks,2012,1579662.3090000001
Kitsap County,Population,2012,254783.3683
Kitsap County,Employment,2012,83733.34869999999
Kitsap County,Retail Sales (nominal),2012,3077967922.0
Kitsap County,Cars and Gas Trucks,2012,209857.8748
Pierce County,Population,2012,806080.5625
Pierce County,Employment,2012,273900.0503
Pierce County,Retail Sales (nominal),2012,10675075730.0
Pierce County,Cars and Gas Trucks,2012,651045.2828
Snohomish County,Population,2012,720152.8550000001
Snohomish County,Employment,2012,265066.7153
Snohomish County,Retail Sales (nominal),2012,9958530448.0
Snohomish County,Cars and Gas Trucks,2012,613889.9694000001
4-County regional Totals,Personal Income (nominal),2013,210574940400.0
4-County regional Totals,Population,2013,3780900.0
4-County regional Totals,Employment,2013,1861567.0
4-County regional Totals,Retail Sales (nominal),2013,70226855600.0
4-County regional Totals,Motor Fuel (gal.),2013,1857099021.0
4-County regional Totals,Cars and Gas Trucks,2013,3094892.738
4-County regional Totals,Diesel,2013,89.28817833
4-County regional Totals,Total Registrations (000s),2013,3184180.9170000004
King County,Population,2013,1970454.6190000002
King County,Employment,2013,1230333.554
King County,Retail Sales (nominal),2013,44547870270.0
King County,Cars and Gas Trucks,2013,1586946.938
Kitsap County,Population,2013,254418.0955
Kitsap County,Employment,2013,83466.68161
Kitsap County,Retail Sales (nominal),2013,3228311906.0
Kitsap County,Cars and Gas Trucks,2013,212891.534
Pierce County,Population,2013,812310.2532
Pierce County,Employment,2013,279500.0501
Pierce County,Retail Sales (nominal),2013,11664814150.0
Pierce County,Cars and Gas Trucks,2013,665358.9872999999
Snohomish County,Population,2013,727509.0258000001
Snohomish County,Employment,2013,268266.7147
Snohomish County,Retail Sales (nominal),2013,10785859270.0
Snohomish County,Cars and Gas Trucks,2013,629695.2787
4-County regional Totals,Personal Income (nominal),2014,221059478200.0
4-County regional Totals,Population,2014,3835450.0
4-County regional Totals,Employment,2014,1908367.0
4-County regional Totals,Retail Sales (nominal),2014,75009045870.0
4-County regional Totals,Motor Fuel (gal.),2014,1835938237.0
4-County regional Totals,Cars and Gas Trucks,2014,3119917.475
4-County regional Totals,Diesel,2014,89.65267304
4-County regional Totals,Total Registrations (000s),2014,3209570.1479999996
King County,Population,2014,2002923.988
King County,Employment,2014,1264466.888
King County,Retail Sales (nominal),2014,47704186540.0
King County,Cars and Gas Trucks,2014,1596718.338
Kitsap County,Population,2014,255231.48739999998
Kitsap County,Employment,2014,85233.34822
Kitsap County,Retail Sales (nominal),2014,3400380683.0
Kitsap County,Cars and Gas Trucks,2014,210614.05339999998
Pierce County,Population,2014,819338.979
Pierce County,Employment,2014,287033.3835
Pierce County,Retail Sales (nominal),2014,12473640820.0
Pierce County,Cars and Gas Trucks,2014,669428.1587
Snohomish County,Population,2014,736381.0448
Snohomish County,Employment,2014,271633.3808
Snohomish County,Retail Sales (nominal),2014,11430837830.0
Snohomish County,Cars and Gas Trucks,2014,643156.9249
4-County regional Totals,Personal Income (nominal),2015,236385726200.0
4-County regional Totals,Population,2015,3898720.0
4-County regional Totals,Employment,2015,1971433.0
4-County regional Totals,Retail Sales (nominal),2015,81097543590.0
4-County regional Totals,Motor Fuel (gal.),2015,1832182352.0
4-County regional Totals,Cars and Gas Trucks,2015,3148899.9050000003
4-County regional Totals,Diesel,2015,91.11753701
4-County regional Totals,Total Registrations (000s),2015,3240017.442
King County,Population,2015,2038687.939
King County,Employment,2015,1307866.446
King County,Retail Sales (nominal),2015,52104630170.0
King County,Cars and Gas Trucks,2015,1605710.973
Kitsap County,Population,2015,257515.83299999998
Kitsap County,Employment,2015,87799.98515
Kitsap County,Retail Sales (nominal),2015,3655315893.0
Kitsap County,Cars and Gas Trucks,2015,223194.3592
Pierce County,Population,2015,827064.0887
Pierce County,Employment,2015,295866.6166
Pierce County,Retail Sales (nominal),2015,13217326480.0
Pierce County,Cars and Gas Trucks,2015,655803.8931999999
Snohomish County,Population,2015,750708.0211
Snohomish County,Employment,2015,279899.95269999997
Snohomish County,Retail Sales (nominal),2015,12120271040.0
Snohomish County,Cars and Gas Trucks,2015,664190.68
4-County regional Totals,Personal Income (nominal),2016,243624816300.0
4-County regional Totals,Population,2016,3985040.0
4-County regional Totals,Employment,2016,2039500.0
4-County regional Totals,Retail Sales (nominal),2016,82487659950.0
4-County regional Totals,Motor Fuel (gal.),2016,1829014786.0
4-County regional Totals,Cars and Gas Trucks,2016,3185838.27
4-County regional Totals,Diesel,2016,108.0
4-County regional Totals,Total Registrations (000s),2016,3293838.27
King County,Population,2016,2083013.3449999997
King County,Employment,2016,1355800.0
King County,Retail Sales (nominal),2016,52439861540.0
King County,Cars and Gas Trucks,2016,1602229.45
Kitsap County,Population,2016,260904.2759
Kitsap County,Employment,2016,89333.33333000001
Kitsap County,Retail Sales (nominal),2016,3764078927.0
Kitsap County,Cars and Gas Trucks,2016,230796.4864
Pierce County,Population,2016,839136.6047
Pierce County,Employment,2016,306600.0
Pierce County,Retail Sales (nominal),2016,13770074650.0
Pierce County,Cars and Gas Trucks,2016,671401.3169999999
Snohomish County,Population,2016,767646.7122000001
Snohomish County,Employment,2016,287766.6667
Snohomish County,Retail Sales (nominal),2016,12513644830.0
Snohomish County,Cars and Gas Trucks,2016,681411.0175
4-County regional Totals,Personal Income (nominal),2017,257543671500.0
4-County regional Totals,Population,2017,4066800.0
4-County regional Totals,Employment,2017,2082058.0
4-County regional Totals,Retail Sales (nominal),2017,86201760270.0
4-County regional Totals,Motor Fuel (gal.),2017,1909761069.0
4-County regional Totals,Cars and Gas Trucks,2017,3320253.0
4-County regional Totals,Diesel,2017,115.813
4-County regional Totals,Total Registrations (000s),2017,3436066.0
King County,Population,2017,2127123.768
King County,Employment,2017,1382947.915
King County,Retail Sales (nominal),2017,54225026110.0
King County,Cars and Gas Trucks,2017,1594543.2780000002
Kitsap County,Population,2017,265100.08540000004
Kitsap County,Employment,2017,91337.03966
Kitsap County,Retail Sales (nominal),2017,3933037919.0
Kitsap County,Cars and Gas Trucks,2017,251463.2737
Pierce County,Population,2017,852380.9627
Pierce County,Employment,2017,312958.7434
Pierce County,Retail Sales (nominal),2017,14667832450.0
Pierce County,Cars and Gas Trucks,2017,731307.3955999999
Snohomish County,Population,2017,780528.4355
Snohomish County,Employment,2017,294814.3016
Snohomish County,Retail Sales (nominal),2017,13375863790.0
Snohomish County,Cars and Gas Trucks,2017,742939.053
4-County regional Totals,Personal Income (nominal),2018,277961000000.0
4-County regional Totals,Population,2018,4122419.0
4-County regional Totals,Employment,2018,2126785.0
4-County regional Totals,Retail Sales (nominal),2018,92093186640.0
4-County regional Totals,Motor Fuel (gal.),2018,1953725249.0
4-County regional Totals,Cars and Gas Trucks,2018,3545364.0
4-County regional Totals,Diesel,2018,135.411
4-County regional Totals,Total Registrations (000s),2018,3680775.0
King County,Population,2018,2169250.257
King County,Employment,2018,1411510.194
King County,Retail Sales (nominal),2018,57499789030.0
King County,Cars and Gas Trucks,2018,1733331.0019999999
Kitsap County,Population,2018,268464.5341
Kitsap County,Employment,2018,93413.11908
Kitsap County,Retail Sales (nominal),2018,4237043367.9999995
Kitsap County,Cars and Gas Trucks,2018,271213.7785
Pierce County,Population,2018,863527.8476
Pierce County,Employment,2018,319562.1799
Pierce County,Retail Sales (nominal),2018,15766853590.0
Pierce County,Cars and Gas Trucks,2018,762208.9956
Snohomish County,Population,2018,792627.5604
Snohomish County,Employment,2018,302299.50710000005
Snohomish County,Retail Sales (nominal),2018,14589500650.0
Snohomish County,Cars and Gas Trucks,2018,778610.2239000001
4-County regional Totals,Personal Income (nominal),2019,286353000000.0
4-County regional Totals,Population,2019,4180279.9999999995
4-County regional Totals,Employment,2019,2155919.0
4-County regional Totals,Retail Sales (nominal),2019,93627053600.0
4-County regional Totals,Motor Fuel (gal.),2019,1917427117.0
4-County regional Totals,Cars and Gas Trucks,2019,3578504.583
4-County regional Totals,Diesel,2019,137.9748959
4-County regional Totals,Total Registrations (000s),2019,3716479.4790000003
King County,Population,2019,2212635.3880000003
King County,Employment,2019,1427730.157
King County,Retail Sales (nominal),2019,57520900340.0
King County,Cars and Gas Trucks,2019,1748889.045
Kitsap County,Population,2019,265900.0964
Kitsap County,Employment,2019,95480.76241
Kitsap County,Retail Sales (nominal),2019,4213124211.9999995
Kitsap County,Cars and Gas Trucks,2019,264152.57509999996
Pierce County,Population,2019,883176.6562
Pierce County,Employment,2019,322883.08009999996
Pierce County,Retail Sales (nominal),2019,16574803189.999998
Pierce County,Cars and Gas Trucks,2019,771766.3783000001
Snohomish County,Population,2019,818567.859
Snohomish County,Employment,2019,309825.0008
Snohomish County,Retail Sales (nominal),2019,15318225860.0
Snohomish County,Cars and Gas Trucks,2019,793696.5847
4-County regional Totals,Personal Income (nominal),2020,299006000000.0
4-County regional Totals,Population,2020,4240910.0
4-County regional Totals,Employment,2020,2182432.0
4-County regional Totals,Retail Sales (nominal),2020,96567484620.0
4-County regional Totals,Motor Fuel (gal.),2020,1914860233.0
4-County regional Totals,Cars and Gas Trucks,2020,3630061.065
4-County regional Totals,Diesel,2020,141.2925983
4-County regional Totals,Total Registrations (000s),2020,3771353.6629999997
King County,Population,2020,2243394.0790000004
King County,Employment,2020,1443054.1060000001
King County,Retail Sales (nominal),2020,58594356830.0
King County,Cars and Gas Trucks,2020,1771282.734
Kitsap County,Population,2020,269236.8568
Kitsap County,Employment,2020,96791.41988
Kitsap County,Retail Sales (nominal),2020,4445141806.0
Kitsap County,Cars and Gas Trucks,2020,267880.457
Pierce County,Population,2020,895792.2213000001
Pierce County,Employment,2020,327423.7835
Pierce County,Retail Sales (nominal),2020,17446043500.0
Pierce County,Cars and Gas Trucks,2020,783511.535
Snohomish County,Population,2020,832486.8424999999
Snohomish County,Employment,2020,315162.69039999996
Snohomish County,Retail Sales (nominal),2020,16081942480.0
Snohomish County,Cars and Gas Trucks,2020,807386.3391
4-County regional Totals,Personal Income (nominal),2021,318615000000.0
4-County regional Totals,Population,2021,4300285.0
4-County regional Totals,Employment,2021,2217681.0
4-County regional Totals,Retail Sales (nominal),2021,101773893900.0
4-County regional Totals,Motor Fuel (gal.),2021,1908948354.0
4-County regional Totals,Cars and Gas Trucks,2021,3680839.446
4-County regional Totals,Diesel,2021,144.630851
4-County regional Totals,Total Registrations (000s),2021,3825470.297
King County,Population,2021,2273020.733
King County,Employment,2021,1464298.007
King County,Retail Sales (nominal),2021,61186815980.0
King County,Cars and Gas Trucks,2021,1792775.364
Kitsap County,Population,2021,272450.5003
Kitsap County,Employment,2021,98480.7504
Kitsap County,Retail Sales (nominal),2021,4866672924.0
Kitsap County,Cars and Gas Trucks,2021,271502.62559999997
Pierce County,Population,2021,908128.9016
Pierce County,Employment,2021,333238.4887
Pierce County,Retail Sales (nominal),2021,18521637470.0
Pierce County,Cars and Gas Trucks,2021,795089.5112
Snohomish County,Population,2021,846684.8653
Snohomish County,Employment,2021,321663.7541
Snohomish County,Retail Sales (nominal),2021,17198767490.0
Snohomish County,Cars and Gas Trucks,2021,821471.9453
4-County regional Totals,Personal Income (nominal),2022,328008000000.0
4-County regional Totals,Population,2022,4357228.0
4-County regional Totals,Employment,2022,2248017.0
4-County regional Totals,Retail Sales (nominal),2022,103394440200.0
4-County regional Totals,Motor Fuel (gal.),2022,1898866468.0
4-County regional Totals,Cars and Gas Trucks,2022,3729881.472
4-County regional Totals,Diesel,2022,147.9514712
4-County regional Totals,Total Registrations (000s),2022,3877832.943
King County,Population,2022,2301313.69
King County,Employment,2022,1482236.918
King County,Retail Sales (nominal),2022,61427569830.0
King County,Cars and Gas Trucks,2022,1812716.14
Kitsap County,Population,2022,275495.02690000006
Kitsap County,Employment,2022,99955.63604
Kitsap County,Retail Sales (nominal),2022,5107658437.0
Kitsap County,Cars and Gas Trucks,2022,275229.0528
Pierce County,Population,2022,919946.4532
Pierce County,Employment,2022,338330.5125
Pierce County,Retail Sales (nominal),2022,19199796220.0
Pierce County,Cars and Gas Trucks,2022,806947.4484999999
Snohomish County,Population,2022,860472.8295
Snohomish County,Employment,2022,327493.9336
Snohomish County,Retail Sales (nominal),2022,17659415730.0
Snohomish County,Cars and Gas Trucks,2022,834988.8308
4-County regional Totals,Personal Income (nominal),2023,338195000000.0
4-County regional Totals,Population,2023,4416836.0
4-County regional Totals,Employment,2023,2273563.0
4-County regional Totals,Retail Sales (nominal),2023,105214308000.0
4-County regional Totals,Motor Fuel (gal.),2023,1887824712.0
4-County regional Totals,Cars and Gas Trucks,2023,3781628.108
4-County regional Totals,Diesel,2023,151.4310278
4-County regional Totals,Total Registrations (000s),2023,3933059.136
King County,Population,2023,2330965.895
King County,Employment,2023,1496965.538
King County,Retail Sales (nominal),2023,61862171990.0
King County,Cars and Gas Trucks,2023,1834763.942
Kitsap County,Population,2023,278692.98939999996
Kitsap County,Employment,2023,101220.7152
Kitsap County,Retail Sales (nominal),2023,5273774404.0
Kitsap County,Cars and Gas Trucks,2023,278927.87299999996
Pierce County,Population,2023,932321.1161
Pierce County,Employment,2023,342714.8975
Pierce County,Retail Sales (nominal),2023,19909335430.0
Pierce County,Cars and Gas Trucks,2023,818809.0542
Snohomish County,Population,2023,874855.9992000001
Snohomish County,Employment,2023,332661.8497
Snohomish County,Retail Sales (nominal),2023,18169026140.0
Snohomish County,Cars and Gas Trucks,2023,849127.2390000001
4-County regional Totals,Personal Income (nominal),2024,356189000000.0
4-County regional Totals,Population,2024,4477439.0
4-County regional Totals,Employment,2024,2303879.0
4-County regional Totals,Retail Sales (nominal),2024,109517971600.0
4-County regional Totals,Motor Fuel (gal.),2024,1875277984.0
4-County regional Totals,Cars and Gas Trucks,2024,3834697.06
4-County regional Totals,Diesel,2024,155.0174238
4-County regional Totals,Total Registrations (000s),2024,3989714.484
King County,Population,2024,2361093.391
King County,Employment,2024,1514782.863
King County,Retail Sales (nominal),2024,63944380630.0
King County,Cars and Gas Trucks,2024,1857823.247
Kitsap County,Population,2024,281938.1969
Kitsap County,Employment,2024,102701.333
Kitsap County,Retail Sales (nominal),2024,5537980803.0
Kitsap County,Cars and Gas Trucks,2024,282574.5564
Pierce County,Population,2024,944900.0796
Pierce County,Employment,2024,347831.5678
Pierce County,Retail Sales (nominal),2024,20912039400.0
Pierce County,Cars and Gas Trucks,2024,830612.1612
Snohomish County,Population,2024,889507.3325
Snohomish County,Employment,2024,338563.2367
Snohomish County,Retail Sales (nominal),2024,19123570800.0
Snohomish County,Cars and Gas Trucks,2024,863687.0959000001
4-County regional Totals,Personal Income (nominal),2025,368907000000.0
4-County regional Totals,Population,2025,4536475.0
4-County regional Totals,Employment,2025,2333470.0
4-County regional Totals,Retail Sales (nominal),2025,111979956100.0
4-County regional Totals,Motor Fuel (gal.),2025,1859736719.0
4-County regional Totals,Cars and Gas Trucks,2025,3886923.696
4-County regional Totals,Diesel,2025,158.624578
4-County regional Totals,Total Registrations (000s),2025,4045548.274
King County,Population,2025,2390344.98
King County,Employment,2025,1532067.771
King County,Retail Sales (nominal),2025,64834790550.0
King County,Cars and Gas Trucks,2025,1880209.588
Kitsap County,Population,2025,285069.2692
Kitsap County,Employment,2025,104153.03640000001
Kitsap County,Retail Sales (nominal),2025,5672508083.0
Kitsap County,Cars and Gas Trucks,2025,286245.3348
Pierce County,Population,2025,957142.6498
Pierce County,Employment,2025,352853.0
Pierce County,Retail Sales (nominal),2025,21734910680.0
Pierce County,Cars and Gas Trucks,2025,842636.0942
Snohomish County,Population,2025,903918.1015
Snohomish County,Employment,2025,344396.19269999996
Snohomish County,Retail Sales (nominal),2025,19737746750.0
Snohomish County,Cars and Gas Trucks,2025,877832.6795000001
4-County regional Totals,Personal Income (nominal),2026,380609000000.0
4-County regional Totals,Population,2026,4595981.0
4-County regional Totals,Employment,2026,2360237.0
4-County regional Totals,Retail Sales (nominal),2026,114028704100.0
4-County regional Totals,Motor Fuel (gal.),2026,1846105599.0
4-County regional Totals,Cars and Gas Trucks,2026,3940050.852
4-County regional Totals,Diesel,2026,162.3240653
4-County regional Totals,Total Registrations (000s),2026,4102374.917
King County,Population,2026,2420072.835
King County,Employment,2026,1547657.18
King County,Retail Sales (nominal),2026,65478524600.0
King County,Cars and Gas Trucks,2026,1903196.175
Kitsap County,Population,2026,288302.45989999996
Kitsap County,Employment,2026,105469.0025
Kitsap County,Retail Sales (nominal),2026,5758062588.0
Kitsap County,Cars and Gas Trucks,2026,290065.4177
Pierce County,Population,2026,969508.7707999999
Pierce County,Employment,2026,357406.9316
Pierce County,Retail Sales (nominal),2026,22534118720.0
Pierce County,Cars and Gas Trucks,2026,854917.0142000001
Snohomish County,Population,2026,918096.9346
Snohomish County,Employment,2026,349703.8856
Snohomish County,Retail Sales (nominal),2026,20257998240.0
Snohomish County,Cars and Gas Trucks,2026,891872.2456
4-County regional Totals,Personal Income (nominal),2027,399707000000.0
4-County regional Totals,Population,2027,4655103.0
4-County regional Totals,Employment,2027,2391465.0
4-County regional Totals,Retail Sales (nominal),2027,118328616500.0
4-County regional Totals,Motor Fuel (gal.),2027,1834083223.0
4-County regional Totals,Cars and Gas Trucks,2027,3993440.316
4-County regional Totals,Diesel,2027,166.0911574
4-County regional Totals,Total Registrations (000s),2027,4159531.473
King County,Population,2027,2449556.498
King County,Employment,2027,1566122.992
King County,Retail Sales (nominal),2027,67563997310.00001
King County,Cars and Gas Trucks,2027,1926844.255
Kitsap County,Population,2027,291498.4988
Kitsap County,Employment,2027,106987.2908
Kitsap County,Retail Sales (nominal),2027,5959450988.0
Kitsap County,Cars and Gas Trucks,2027,293730.7102
Pierce County,Population,2027,981789.0113
Pierce County,Employment,2027,362648.8281
Pierce County,Retail Sales (nominal),2027,23616145760.0
Pierce County,Cars and Gas Trucks,2027,866844.1391
Snohomish County,Population,2027,932258.9915
Snohomish County,Employment,2027,355705.8891
Snohomish County,Retail Sales (nominal),2027,21189022430.0
Snohomish County,Cars and Gas Trucks,2027,906021.2115000001
4-County regional Totals,Personal Income (nominal),2028,416271000000.0
4-County regional Totals,Population,2028,4710639.0
4-County regional Totals,Employment,2028,2424425.0
4-County regional Totals,Retail Sales (nominal),2028,121701571300.0
4-County regional Totals,Motor Fuel (gal.),2028,1822865742.0
4-County regional Totals,Cars and Gas Trucks,2028,4044403.859
4-County regional Totals,Diesel,2028,169.8140699
4-County regional Totals,Total Registrations (000s),2028,4214217.928
King County,Population,2028,2477112.591
King County,Employment,2028,1585669.079
King County,Retail Sales (nominal),2028,69057839260.0
King County,Cars and Gas Trucks,2028,1948887.986
Kitsap County,Population,2028,294457.3589
Kitsap County,Employment,2028,108586.36099999999
Kitsap County,Retail Sales (nominal),2028,6129772924.0
Kitsap County,Cars and Gas Trucks,2028,297318.43570000003
Pierce County,Population,2028,993308.2293
Pierce County,Employment,2028,368167.14180000004
Pierce County,Retail Sales (nominal),2028,24597524760.0
Pierce County,Cars and Gas Trucks,2028,878644.8441
Snohomish County,Population,2028,945760.8205
Snohomish County,Employment,2028,362002.4186
Snohomish County,Retail Sales (nominal),2028,21916434350.0
Snohomish County,Cars and Gas Trucks,2028,919552.5926
4-County regional Totals,Personal Income (nominal),2029,429953000000.0
4-County regional Totals,Population,2029,4766561.0
4-County regional Totals,Employment,2029,2455145.0
4-County regional Totals,Retail Sales (nominal),2029,124073916700.0
4-County regional Totals,Motor Fuel (gal.),2029,1813542084.0
4-County regional Totals,Cars and Gas Trucks,2029,4096258.5609999998
4-County regional Totals,Diesel,2029,173.6312818
4-County regional Totals,Total Registrations (000s),2029,4269889.843
King County,Population,2029,2504832.211
King County,Employment,2029,1603696.567
King County,Retail Sales (nominal),2029,69922184290.0
King County,Cars and Gas Trucks,2029,1971280.1130000001
Kitsap County,Population,2029,297428.0732
Kitsap County,Employment,2029,110088.3759
Kitsap County,Retail Sales (nominal),2029,6242682532.0
Kitsap County,Cars and Gas Trucks,2029,301018.7084
Pierce County,Population,2029,1004904.2590000001
Pierce County,Employment,2029,373358.9573
Pierce County,Retail Sales (nominal),2029,25471167360.0
Pierce County,Cars and Gas Trucks,2029,890776.8476999999
Snohomish County,Population,2029,959396.4568
Snohomish County,Employment,2029,368001.09959999996
Snohomish County,Retail Sales (nominal),2029,22437882530.0
Snohomish County,Cars and Gas Trucks,2029,933182.8923000001
4-County regional Totals,Personal Income (nominal),2030,449984000000.0
4-County regional Totals,Population,2030,4823243.0
4-County regional Totals,Employment,2030,2488556.0
4-County regional Totals,Retail Sales (nominal),2030,128283955600.0
4-County regional Totals,Motor Fuel (gal.),2030,1806339922.0
4-County regional Totals,Cars and Gas Trucks,2030,4149487.51
4-County regional Totals,Diesel,2030,177.5653164
4-County regional Totals,Total Registrations (000s),2030,4327052.826
King County,Population,2030,2532911.352
King County,Employment,2030,1623427.8830000001
King County,Retail Sales (nominal),2030,71962482180.0
King County,Cars and Gas Trucks,2030,1994903.437
Kitsap County,Population,2030,300433.8102
Kitsap County,Employment,2030,111714.3491
Kitsap County,Retail Sales (nominal),2030,6439567911.0
Kitsap County,Cars and Gas Trucks,2030,304630.0299
Pierce County,Population,2030,1016655.886
Pierce County,Employment,2030,378973.7581
Pierce County,Retail Sales (nominal),2030,26582742470.0
Pierce County,Cars and Gas Trucks,2030,902744.4024
Snohomish County,Population,2030,973241.9517
Snohomish County,Employment,2030,374440.0099
Snohomish County,Retail Sales (nominal),2030,23299163020.0
Snohomish County,Cars and Gas Trucks,2030,947209.64
4-County regional Totals,Personal Income (nominal),2031,471164000000.0
4-County regional Totals,Population,2031,4876182.0
4-County regional Totals,Employment,2031,2523686.0
4-County regional Totals,Retail Sales (nominal),2031,132700665400.0
4-County regional Totals,Motor Fuel (gal.),2031,1799719298.0
4-County regional Totals,Cars and Gas Trucks,2031,4200429.534
4-County regional Totals,Diesel,2031,181.4604844
4-County regional Totals,Total Registrations (000s),2031,4381890.019
King County,Population,2031,2559327.527
King County,Employment,2031,1644383.386
King County,Retail Sales (nominal),2031,74146945190.0
King County,Cars and Gas Trucks,2031,2017458.3
Kitsap County,Population,2031,303298.825
Kitsap County,Employment,2031,113411.2119
Kitsap County,Retail Sales (nominal),2031,6669409906.0
Kitsap County,Cars and Gas Trucks,2031,308211.0487
Pierce County,Population,2031,1027658.2450000001
Pierce County,Employment,2031,384824.1155
Pierce County,Retail Sales (nominal),2031,27729076010.0
Pierce County,Cars and Gas Trucks,2031,914462.1292000001
Snohomish County,Population,2031,985897.4034000001
Snohomish County,Employment,2031,381067.2871
Snohomish County,Retail Sales (nominal),2031,24155234300.0
Snohomish County,Cars and Gas Trucks,2031,960298.0564
4-County regional Totals,Personal Income (nominal),2032,489345000000.0
4-County regional Totals,Population,2032,4924105.0
4-County regional Totals,Employment,2032,2553790.0
4-County regional Totals,Retail Sales (nominal),2032,136084836900.0
4-County regional Totals,Motor Fuel (gal.),2032,1793171322.0
4-County regional Totals,Cars and Gas Trucks,2032,4247866.173
4-County regional Totals,Diesel,2032,185.2616337
4-County regional Totals,Total Registrations (000s),2032,4433127.806000001
King County,Population,2032,2583082.349
King County,Employment,2032,1662013.337
King County,Retail Sales (nominal),2032,75698852430.0
King County,Cars and Gas Trucks,2032,2038270.033
Kitsap County,Population,2032,305842.8984
Kitsap County,Employment,2032,114885.3103
Kitsap County,Retail Sales (nominal),2032,6836809681.0
Kitsap County,Cars and Gas Trucks,2032,311563.4298
Pierce County,Population,2032,1037600.2470000001
Pierce County,Employment,2032,389921.02160000004
Pierce County,Retail Sales (nominal),2032,28757559430.0
Pierce County,Cars and Gas Trucks,2032,925546.8671
Snohomish County,Population,2032,997579.506
Snohomish County,Employment,2032,386970.3315
Snohomish County,Retail Sales (nominal),2032,24791615340.0
Snohomish County,Cars and Gas Trucks,2032,972485.8431
4-County regional Totals,Personal Income (nominal),2033,510160000000.0
4-County regional Totals,Population,2033,4974711.0
4-County regional Totals,Employment,2033,2584263.0
4-County regional Totals,Retail Sales (nominal),2033,140121468500.0
4-County regional Totals,Motor Fuel (gal.),2033,1789770382.0
4-County regional Totals,Cars and Gas Trucks,2033,4298443.041
4-County regional Totals,Diesel,2033,189.2577876
4-County regional Totals,Total Registrations (000s),2033,4487700.829
King County,Population,2033,2608216.6390000004
King County,Employment,2033,1679836.344
King County,Retail Sales (nominal),2033,77679406770.0
King County,Cars and Gas Trucks,2033,2060799.0960000001
Kitsap County,Population,2033,308544.87769999995
Kitsap County,Employment,2033,116378.885
Kitsap County,Retail Sales (nominal),2033,7046907022.0
Kitsap County,Cars and Gas Trucks,2033,315076.992
Pierce County,Population,2033,1048104.4489999999
Pierce County,Employment,2033,395086.2822
Pierce County,Retail Sales (nominal),2033,29871806920.0
Pierce County,Cars and Gas Trucks,2033,937214.1187
Snohomish County,Population,2033,1009845.0340000001
Snohomish County,Employment,2033,392961.4891
Snohomish County,Retail Sales (nominal),2033,25523347780.0
Snohomish County,Cars and Gas Trucks,2033,985352.8345
4-County regional Totals,Personal Income (nominal),2034,533107000000.0
4-County regional Totals,Population,2034,5026349.0
4-County regional Totals,Employment,2034,2616901.0
4-County regional Totals,Retail Sales (nominal),2034,144637809500.0
4-County regional Totals,Motor Fuel (gal.),2034,1788846759.0
4-County regional Totals,Cars and Gas Trucks,2034,4350748.886
4-County regional Totals,Diesel,2034,193.3909464
4-County regional Totals,Total Registrations (000s),2034,4544139.8319999995
King County,Population,2034,2633862.97
King County,Employment,2034,1699017.596
King County,Retail Sales (nominal),2034,79976302730.0
King County,Cars and Gas Trucks,2034,2084204.238
Kitsap County,Population,2034,311301.7959
Kitsap County,Employment,2034,117972.9544
Kitsap County,Retail Sales (nominal),2034,7294154913.0
Kitsap County,Cars and Gas Trucks,2034,318713.9021
Pierce County,Population,2034,1058822.803
Pierce County,Employment,2034,400595.04850000003
Pierce County,Retail Sales (nominal),2034,31052407520.0
Pierce County,Cars and Gas Trucks,2034,949281.1874
Snohomish County,Population,2034,1022361.43
Snohomish County,Employment,2034,399315.40150000004
Snohomish County,Retail Sales (nominal),2034,26314944320.0
Snohomish County,Cars and Gas Trucks,2034,998549.5588
4-County regional Totals,Personal Income (nominal),2035,555788000000.0
4-County regional Totals,Population,2035,5080466.0
4-County regional Totals,Employment,2035,2650453.0
4-County regional Totals,Retail Sales (nominal),2035,148928065300.0
4-County regional Totals,Motor Fuel (gal.),2035,1790905256.0
4-County regional Totals,Cars and Gas Trucks,2035,4406044.351
4-County regional Totals,Diesel,2035,197.7207022
4-County regional Totals,Total Registrations (000s),2035,4603765.053
King County,Population,2035,2660778.296
King County,Employment,2035,1718740.8069999998
King County,Retail Sales (nominal),2035,82162517240.0
King County,Cars and Gas Trucks,2035,2109036.399
Kitsap County,Population,2035,314202.86850000004
Kitsap County,Employment,2035,119611.3709
Kitsap County,Retail Sales (nominal),2035,7520879009.0
Kitsap County,Cars and Gas Trucks,2035,322569.8763
Pierce County,Population,2035,1070059.9810000001
Pierce County,Employment,2035,406256.8574
Pierce County,Retail Sales (nominal),2035,32211334160.0
Pierce County,Cars and Gas Trucks,2035,962033.2285
Snohomish County,Population,2035,1035424.854
Snohomish County,Employment,2035,405843.965
Snohomish County,Retail Sales (nominal),2035,27033334920.0
Snohomish County,Cars and Gas Trucks,2035,1012404.8470000001
4-County regional Totals,Personal Income (nominal),2036,581582000000.0
4-County regional Totals,Population,2036,5135689.0
4-County regional Totals,Employment,2036,2685646.0
4-County regional Totals,Retail Sales (nominal),2036,153951701600.0
4-County regional Totals,Motor Fuel (gal.),2036,1795445696.0
4-County regional Totals,Cars and Gas Trucks,2036,4463144.311
4-County regional Totals,Diesel,2036,202.1980624
4-County regional Totals,Total Registrations (000s),2036,4665342.373000001
King County,Population,2036,2688424.744
King County,Employment,2036,1739542.1919999998
King County,Retail Sales (nominal),2036,84836962470.0
King County,Cars and Gas Trucks,2036,2135006.887
Kitsap County,Population,2036,317221.37320000003
Kitsap County,Employment,2036,121322.9862
Kitsap County,Retail Sales (nominal),2036,7784765424.0
Kitsap County,Cars and Gas Trucks,2036,326571.9358
Pierce County,Population,2036,1081547.325
Pierce County,Employment,2036,412166.6154
Pierce County,Retail Sales (nominal),2036,33476750500.000004
Pierce County,Cars and Gas Trucks,2036,975119.7992
Snohomish County,Population,2036,1048495.5580000001
Snohomish County,Employment,2036,412614.206
Snohomish County,Retail Sales (nominal),2036,27853223190.0
Snohomish County,Cars and Gas Trucks,2036,1026445.6889999999
4-County regional Totals,Personal Income (nominal),2037,611269000000.0
4-County regional Totals,Population,2037,5190095.0
4-County regional Totals,Employment,2037,2723512.0
4-County regional Totals,Retail Sales (nominal),2037,159894874800.0
4-County regional Totals,Motor Fuel (gal.),2037,1801803899.0
4-County regional Totals,Cars and Gas Trucks,2037,4520371.965
4-County regional Totals,Diesel,2037,206.7495801
4-County regional Totals,Total Registrations (000s),2037,4727121.545
King County,Population,2037,2715616.285
King County,Employment,2037,1762019.972
King County,Retail Sales (nominal),2037,88114781020.0
King County,Cars and Gas Trucks,2037,2161057.084
Kitsap County,Population,2037,320180.9436
Kitsap County,Employment,2037,123158.71029999999
Kitsap County,Retail Sales (nominal),2037,8090657832.0
Kitsap County,Cars and Gas Trucks,2037,330555.4689
Pierce County,Population,2037,1092859.543
Pierce County,Employment,2037,418500.6208
Pierce County,Retail Sales (nominal),2037,34877180540.0
Pierce County,Cars and Gas Trucks,2037,988188.2028
Snohomish County,Population,2037,1061438.229
Snohomish County,Employment,2037,419832.69739999995
Snohomish County,Retail Sales (nominal),2037,28812255410.0
Snohomish County,Cars and Gas Trucks,2037,1040571.2089999999
4-County regional Totals,Personal Income (nominal),2038,641291000000.0
4-County regional Totals,Population,2038,5238443.0
4-County regional Totals,Employment,2038,2762314.0
4-County regional Totals,Retail Sales (nominal),2038,165741709300.0
4-County regional Totals,Motor Fuel (gal.),2038,1808145137.0
4-County regional Totals,Cars and Gas Trucks,2038,4573137.486
4-County regional Totals,Diesel,2038,211.1644224
4-County regional Totals,Total Registrations (000s),2038,4784301.909
King County,Population,2038,2739612.579
King County,Employment,2038,1785045.639
King County,Retail Sales (nominal),2038,91366889960.0
King County,Cars and Gas Trucks,2038,2185053.878
Kitsap County,Population,2038,322758.8527
Kitsap County,Employment,2038,125040.2836
Kitsap County,Retail Sales (nominal),2038,8397294110.999999
Kitsap County,Cars and Gas Trucks,2038,334203.7671
Pierce County,Population,2038,1102893.271
Pierce County,Employment,2038,424993.16829999996
Pierce County,Retail Sales (nominal),2038,36269193990.0
Pierce County,Cars and Gas Trucks,2038,1000350.371
Snohomish County,Population,2038,1073178.297
Snohomish County,Employment,2038,427234.9095
Snohomish County,Retail Sales (nominal),2038,29708331210.0
Snohomish County,Cars and Gas Trucks,2038,1053529.4710000001
4-County regional Totals,Personal Income (nominal),2039,671218000000.0
4-County regional Totals,Population,2039,5283709.0
4-County regional Totals,Employment,2039,2796063.0
4-County regional Totals,Retail Sales (nominal),2039,171376570400.0
4-County regional Totals,Motor Fuel (gal.),2039,1815362525.0
4-County regional Totals,Cars and Gas Trucks,2039,4623991.528
4-County regional Totals,Diesel,2039,215.5565244
4-County regional Totals,Total Registrations (000s),2039,4839548.053
King County,Population,2039,2761973.794
King County,Employment,2039,1804751.412
King County,Retail Sales (nominal),2039,94528512170.0
King County,Cars and Gas Trucks,2039,2208066.091
Kitsap County,Population,2039,325139.63639999996
Kitsap County,Employment,2039,126696.4589
Kitsap County,Retail Sales (nominal),2039,8689651267.0
Kitsap County,Cars and Gas Trucks,2039,337736.29469999997
Pierce County,Population,2039,1112275.498
Pierce County,Employment,2039,430722.2154
Pierce County,Retail Sales (nominal),2039,37641036270.0
Pierce County,Cars and Gas Trucks,2039,1012202.9260000001
Snohomish County,Population,2039,1084320.072
Snohomish County,Employment,2039,433892.9141
Snohomish County,Retail Sales (nominal),2039,30517370640.0
Snohomish County,Cars and Gas Trucks,2039,1065986.217
4-County regional Totals,Personal Income (nominal),2040,702124000000.0
4-County regional Totals,Population,2040,5328033.0
4-County regional Totals,Employment,2040,2828304.0
4-County regional Totals,Retail Sales (nominal),2040,177090884000.0
4-County regional Totals,Motor Fuel (gal.),2040,1824276785.0
4-County regional Totals,Cars and Gas Trucks,2040,4674771.569
4-County regional Totals,Diesel,2040,220.0107064
4-County regional Totals,Total Registrations (000s),2040,4894782.274999999
King County,Population,2040,2783820.347
King County,Employment,2040,1823434.1879999998
King County,Retail Sales (nominal),2040,97786053010.0
King County,Cars and Gas Trucks,2040,2231217.7339999997
Kitsap County,Population,2040,327455.5314
Kitsap County,Employment,2040,128287.3352
Kitsap County,Retail Sales (nominal),2040,8984439703.0
Kitsap County,Cars and Gas Trucks,2040,341229.3841
Pierce County,Population,2040,1121456.914
Pierce County,Employment,2040,436231.6263
Pierce County,Retail Sales (nominal),2040,39025751660.0
Pierce County,Cars and Gas Trucks,2040,1024023.7259999999
Snohomish County,Population,2040,1095300.208
Snohomish County,Employment,2040,440350.8503
Snohomish County,Retail Sales (nominal),2040,31294639620.0
Snohomish County,Cars and Gas Trucks,2040,1078300.725
4-County regional Totals,Personal Income (nominal),2041,733596000000.0
4-County regional Totals,Population,2041,5374982.0
4-County regional Totals,Employment,2041,2859941.0
4-County regional Totals,Retail Sales (nominal),2041,182767659100.0
4-County regional Totals,Motor Fuel (gal.),2041,1835851228.0
4-County regional Totals,Cars and Gas Trucks,2041,4728580.819
4-County regional Totals,Diesel,2041,224.6752034
4-County regional Totals,Total Registrations (000s),2041,4953256.022
King County,Population,2041,2807124.557
King County,Employment,2041,1841989.4589999998
King County,Retail Sales (nominal),2041,101072085600.0
King County,Cars and Gas Trucks,2041,2255993.356
Kitsap County,Population,2041,329960.4892
Kitsap County,Employment,2041,129834.81739999999
Kitsap County,Retail Sales (nominal),2041,9270221400.0
Kitsap County,Cars and Gas Trucks,2041,344966.7415
Pierce County,Population,2041,1131202.79
Pierce County,Employment,2041,441581.0576
Pierce County,Retail Sales (nominal),2041,40412776090.0
Pierce County,Cars and Gas Trucks,2041,1036548.9869999998
Snohomish County,Population,2041,1106694.164
Snohomish County,Employment,2041,446535.66569999995
Snohomish County,Retail Sales (nominal),2041,32012576090.0
Snohomish County,Cars and Gas Trucks,2041,1091071.7340000002
4-County regional Totals,Personal Income (nominal),2042,767792000000.0
4-County regional Totals,Population,2042,5424064.0
4-County regional Totals,Employment,2042,2893188.0
4-County regional Totals,Retail Sales (nominal),2042,188970704600.0
4-County regional Totals,Motor Fuel (gal.),2042,1849857263.0
4-County regional Totals,Cars and Gas Trucks,2042,4784973.234
4-County regional Totals,Diesel,2042,229.5336562
4-County regional Totals,Total Registrations (000s),2042,5014506.89
King County,Population,2042,2831520.8389999997
King County,Employment,2042,1861539.9
King County,Retail Sales (nominal),2042,104741713300.0
King County,Cars and Gas Trucks,2042,2282166.091
Kitsap County,Population,2042,332589.5903
Kitsap County,Employment,2042,131457.9418
Kitsap County,Retail Sales (nominal),2042,9564672836.0
Kitsap County,Cars and Gas Trucks,2042,348841.6629
Pierce County,Population,2042,1141395.1400000001
Pierce County,Employment,2042,447189.735
Pierce County,Retail Sales (nominal),2042,41883579690.0
Pierce County,Cars and Gas Trucks,2042,1049573.736
Snohomish County,Population,2042,1118558.4309999999
Snohomish County,Employment,2042,453000.42339999997
Snohomish County,Retail Sales (nominal),2042,32780738760.0
Snohomish County,Cars and Gas Trucks,2042,1104391.744
4-County regional Totals,Personal Income (nominal),2043,804413000000.0
4-County regional Totals,Population,2043,5474229.0
4-County regional Totals,Employment,2043,2928359.0
4-County regional Totals,Retail Sales (nominal),2043,195600236700.0
4-County regional Totals,Motor Fuel (gal.),2043,1865793125.0
4-County regional Totals,Cars and Gas Trucks,2043,4842998.652
4-County regional Totals,Diesel,2043,234.5445653
4-County regional Totals,Total Registrations (000s),2043,5077543.217999999
King County,Population,2043,2856459.842
King County,Employment,2043,1882284.232
King County,Retail Sales (nominal),2043,108733463400.0
King County,Cars and Gas Trucks,2043,2309194.919
Kitsap County,Population,2043,335278.0727
Kitsap County,Employment,2043,133171.1779
Kitsap County,Retail Sales (nominal),2043,9879947347.0
Kitsap County,Cars and Gas Trucks,2043,352813.05950000003
Pierce County,Population,2043,1151812.875
Pierce County,Employment,2043,453107.0373
Pierce County,Retail Sales (nominal),2043,43419195470.0
Pierce County,Cars and Gas Trucks,2043,1062986.6099999999
Snohomish County,Population,2043,1130678.211
Snohomish County,Employment,2043,459796.55279999995
Snohomish County,Retail Sales (nominal),2043,33567630480.0
Snohomish County,Cars and Gas Trucks,2043,1118004.063
4-County regional Totals,Personal Income (nominal),2044,842660000000.0
4-County regional Totals,Population,2044,5525074.0
4-County regional Totals,Employment,2044,2964278.0
4-County regional Totals,Retail Sales (nominal),2044,202430390400.0
4-County regional Totals,Motor Fuel (gal.),2044,1883326342.0
4-County regional Totals,Cars and Gas Trucks,2044,4902260.313
4-County regional Totals,Diesel,2044,239.6918071
4-County regional Totals,Total Registrations (000s),2044,5141952.121
King County,Population,2044,2881730.631
King County,Employment,2044,1903463.59
King County,Retail Sales (nominal),2044,112906983600.0
King County,Cars and Gas Trucks,2044,2336966.7169999997
Kitsap County,Population,2044,338001.0526
Kitsap County,Employment,2044,134921.2263
Kitsap County,Retail Sales (nominal),2044,10192919090.0
Kitsap County,Cars and Gas Trucks,2044,356850.34760000004
Pierce County,Population,2044,1162371.1290000002
Pierce County,Employment,2044,459151.7563
Pierce County,Retail Sales (nominal),2044,44993319430.0
Pierce County,Cars and Gas Trucks,2044,1076659.217
Snohomish County,Population,2044,1142971.188
Snohomish County,Employment,2044,466741.42740000004
Snohomish County,Retail Sales (nominal),2044,34337168319.999996
Snohomish County,Cars and Gas Trucks,2044,1131784.0329999998
4-County regional Totals,Personal Income (nominal),2045,883175000000.0
4-County regional Totals,Population,2045,5577099.0
4-County regional Totals,Employment,2045,3000631.0
4-County regional Totals,Retail Sales (nominal),2045,209612673900.0
4-County regional Totals,Motor Fuel (gal.),2045,1902269281.0
4-County regional Totals,Cars and Gas Trucks,2045,4963155.971999999
4-County regional Totals,Diesel,2045,244.9977924
4-County regional Totals,Total Registrations (000s),2045,5208153.765
King County,Population,2045,2907593.413
King County,Employment,2045,1924875.101
King County,Retail Sales (nominal),2045,117367021700.0
King County,Cars and Gas Trucks,2045,2365632.364
Kitsap County,Population,2045,340788.93809999997
Kitsap County,Employment,2045,136693.8708
Kitsap County,Retail Sales (nominal),2045,10502360010.0
Kitsap County,Cars and Gas Trucks,2045,360976.4346
Pierce County,Population,2045,1173175.029
Pierce County,Employment,2045,465275.5719
Pierce County,Retail Sales (nominal),2045,46631286990.0
Pierce County,Cars and Gas Trucks,2045,1090693.66
Snohomish County,Population,2045,1155541.6199999999
Snohomish County,Employment,2045,473786.456
Snohomish County,Retail Sales (nominal),2045,35112005250.0
Snohomish County,Cars and Gas Trucks,2045,1145853.514
4-County regional Totals,Personal Income (nominal),2046,924311000000.0
4-County regional Totals,Population,2046,5627506.0
4-County regional Totals,Employment,2046,3035595.0
4-County regional Totals,Retail Sales (nominal),2046,216719005700.0
4-County regional Totals,Motor Fuel (gal.),2046,1921648263.0
4-County regional Totals,Cars and Gas Trucks,2046,5023152.784
4-County regional Totals,Diesel,2046,250.3396812
4-County regional Totals,Total Registrations (000s),2046,5273492.465
King County,Population,2046,2932719.056
King County,Employment,2046,1945645.497
King County,Retail Sales (nominal),2046,121849985400.0
King County,Cars and Gas Trucks,2046,2393894.776
Kitsap County,Population,2046,343508.83320000005
Kitsap County,Employment,2046,138387.9738
Kitsap County,Retail Sales (nominal),2046,10783046650.0
Kitsap County,Cars and Gas Trucks,2046,365101.5784
Pierce County,Population,2046,1183647.3739999998
Pierce County,Employment,2046,471120.2482
Pierce County,Retail Sales (nominal),2046,48283629890.0
Pierce County,Cars and Gas Trucks,2046,1104705.3530000001
Snohomish County,Population,2046,1167630.737
Snohomish County,Employment,2046,480441.28119999997
Snohomish County,Retail Sales (nominal),2046,35802343740.0
Snohomish County,Cars and Gas Trucks,2046,1159451.0760000001
4-County regional Totals,Personal Income (nominal),2047,966603000000.0
4-County regional Totals,Population,2047,5677500.0
4-County regional Totals,Employment,2047,3069396.0
4-County regional Totals,Retail Sales (nominal),2047,223878058400.0
4-County regional Totals,Motor Fuel (gal.),2047,1941753293.0
4-County regional Totals,Cars and Gas Trucks,2047,5083282.147
4-County regional Totals,Diesel,2047,255.7691831
4-County regional Totals,Total Registrations (000s),2047,5339051.33
King County,Population,2047,2957608.883
King County,Employment,2047,1965632.9009999998
King County,Retail Sales (nominal),2047,126426862900.0
King County,Cars and Gas Trucks,2047,2422483.925
Kitsap County,Population,2047,346197.0915
Kitsap County,Employment,2047,140031.35259999998
Kitsap County,Retail Sales (nominal),2047,11019943750.0
Kitsap County,Cars and Gas Trucks,2047,369183.4724
Pierce County,Population,2047,1194030.514
Pierce County,Employment,2047,476794.0148
Pierce County,Retail Sales (nominal),2047,49973641460.0
Pierce County,Cars and Gas Trucks,2047,1118685.093
Snohomish County,Population,2047,1179663.511
Snohomish County,Employment,2047,486937.7313
Snohomish County,Retail Sales (nominal),2047,36457610290.0
Snohomish County,Cars and Gas Trucks,2047,1172929.657
4-County regional Totals,Personal Income (nominal),2048,1009283000000.0
4-County regional Totals,Population,2048,5726303.0
4-County regional Totals,Employment,2048,3102187.0
4-County regional Totals,Retail Sales (nominal),2048,230896859600.0
4-County regional Totals,Motor Fuel (gal.),2048,1962103468.0
4-County regional Totals,Cars and Gas Trucks,2048,5142791.528
4-County regional Totals,Diesel,2048,261.2493683
4-County regional Totals,Total Registrations (000s),2048,5404040.896000001
King County,Population,2048,2981858.021
King County,Employment,2048,1984937.118
King County,Retail Sales (nominal),2048,130970888200.0
King County,Cars and Gas Trucks,2048,2450874.8989999997
Kitsap County,Population,2048,348806.4021
Kitsap County,Employment,2048,141630.876
Kitsap County,Retail Sales (nominal),2048,11220053590.0
Kitsap County,Cars and Gas Trucks,2048,373204.1275
Pierce County,Population,2048,1204160.8739999998
Pierce County,Employment,2048,482320.17339999997
Pierce County,Retail Sales (nominal),2048,51672556300.0
Pierce County,Cars and Gas Trucks,2048,1132597.4819999998
Snohomish County,Population,2048,1191477.703
Snohomish County,Employment,2048,493298.8323
Snohomish County,Retail Sales (nominal),2048,37033361510.0
Snohomish County,Cars and Gas Trucks,2048,1186115.02
4-County regional Totals,Personal Income (nominal),2049,1051296000000.0
4-County regional Totals,Population,2049,5774225.0
4-County regional Totals,Employment,2049,3133487.0
4-County regional Totals,Retail Sales (nominal),2049,237523291800.0
4-County regional Totals,Motor Fuel (gal.),2049,1982797877.0
4-County regional Totals,Cars and Gas Trucks,2049,5201903.016
4-County regional Totals,Diesel,2049,266.7918415
4-County regional Totals,Total Registrations (000s),2049,5468694.857000001
King County,Population,2049,3005628.5640000002
King County,Employment,2049,2003252.2980000002
King County,Retail Sales (nominal),2049,135304830599.99998
King County,Cars and Gas Trucks,2049,2479240.367
Kitsap County,Population,2049,351355.8567
Kitsap County,Employment,2049,143164.46659999999
Kitsap County,Retail Sales (nominal),2049,11368064470.0
Kitsap County,Cars and Gas Trucks,2049,377182.995
Pierce County,Population,2049,1214103.72
Pierce County,Employment,2049,487623.4499
Pierce County,Retail Sales (nominal),2049,53349504870.0
Pierce County,Cars and Gas Trucks,2049,1146434.383
Snohomish County,Population,2049,1203136.86
Snohomish County,Employment,2049,499446.7856
Snohomish County,Retail Sales (nominal),2049,37500891920.0
Snohomish County,Cars and Gas Trucks,2049,1199045.271
4-County regional Totals,Personal Income (nominal),2050,1095299000000.0
4-County regional Totals,Population,2050,5823165.0
4-County regional Totals,Employment,2050,3164442.0
4-County regional Totals,Retail Sales (nominal),2050,244396963800.0
4-County regional Totals,Motor Fuel (gal.),2050,2004464980.0
4-County regional Totals,Cars and Gas Trucks,2050,5262452.5309999995
4-County regional Totals,Diesel,2050,272.4922073
4-County regional Totals,Total Registrations (000s),2050,5534944.738999999
King County,Population,2050,3029909.142
King County,Employment,2050,2021312.901
King County,Retail Sales (nominal),2050,139847883600.0
King County,Cars and Gas Trucks,2050,2508376.413
Kitsap County,Population,2050,353961.0552
Kitsap County,Employment,2050,144684.3726
Kitsap County,Retail Sales (nominal),2050,11492929010.0
Kitsap County,Cars and Gas Trucks,2050,381236.9432
Pierce County,Population,2050,1224258.3569999998
Pierce County,Employment,2050,492881.7174
Pierce County,Retail Sales (nominal),2050,55102188240.0
Pierce County,Cars and Gas Trucks,2050,1160648.093
Snohomish County,Population,2050,1215036.446
Snohomish County,Employment,2050,505563.009
Snohomish County,Retail Sales (nominal),2050,37953962990.0
Snohomish County,Cars and Gas Trucks,2050,1212191.0829999999
